item_id,keyword,status,group_id,group_size,title_short,title_full,price,shipping,total,seller_id,url,thumbnail_local,images_local,phash,needs_review,exclude_reason,scraped_detail,thumbnail_url,size_info,excluded,review_reason,is_branded,brand_name,is_oversized
bf96ed5f-196d-4df3-bef0-06071b262909,D.B7.BF,waiting,bf96ed5f-196d-4df3-bef0-06071b262909,1,日産専用 ハンドルカバー ステアリングカバー D型 上質な逸品【美品】 本革 カーボン調,日産専用 ハンドルカバー ステアリングカバー D型 上質な逸品【美品】 本革 カーボン調,3000,3000,3000,0W-QHFzFYzJA7iyU0imO1gwFfjdo04lZ,https://aucview.aucfan.com/yahoo/k1214500702/,リサーチ結果/D型_20260428_075509/images/thumb_b33abe8d2912.jpg,"['リサーチ結果/D型_20260428_075509/images/detail_bf96ed5f_0_95c6d18dbf48.jpg', 'リサーチ結果/D型_20260428_075509/images/detail_bf96ed5f_1_7844be71cc49.jpg', 'リサーチ結果/D型_20260428_075509/images/detail_bf96ed5f_2_6d434ed55fa1.jpg', 'リサーチ結果/D型_20260428_075509/images/detail_bf96ed5f_3_66146d7f4d91.jpg', 'リサーチ結果/D型_20260428_075509/images/detail_bf96ed5f_4_77cce6102aad.jpg']",99e74591c64d3ae8,False,,True,https://auctions.afimg.jp/k1214500702/ya/thumbnail/k1214500702.jpg,,False,,False,,False
b0f45422-84ec-459b-b83e-84b54de700fb,D.B7.BF,waiting,b0f45422-84ec-459b-b83e-84b54de700fb,1,【新品】 発売日不明 拓意 XCARTOYS Y47-02 ホンダ CD型アコード 5代目 未使用 未開封 シ,【新品】 発売日不明 拓意 XCARTOYS Y47-02 ホンダ CD型アコード 5代目 未使用 未開封 シュリンク付き,3000,3000,3000,K0-t7NizOI5ZD68kkyxMdGO9mNmoR2zD,https://aucview.aucfan.com/yahoo/c1227194731/,リサーチ結果/D型_20260428_075509/images/thumb_b67af4b5fc4b.jpg,"['リサーチ結果/D型_20260428_075509/images/detail_b0f45422_0_4a150afb8174.jpg', 'リサーチ結果/D型_20260428_075509/images/detail_b0f45422_1_d7e544b7d4ca.jpg', 'リサーチ結果/D型_20260428_075509/images/detail_b0f45422_2_83661083a62e.jpg', 'リサーチ結果/D型_20260428_075509/images/detail_b0f45422_3_bc85009a4752.jpg', 'リサーチ結果/D型_20260428_075509/images/detail_b0f45422_4_80f64673d12c.jpg']",8586b97b87669139,False,,True,https://auctions.afimg.jp/c1227194731/ya/thumbnail/c1227194731.jpg,,False,,False,,False
604d733a-1dd1-417e-a674-111768f11d35,D.B7.BF,waiting,604d733a-1dd1-417e-a674-111768f11d35,1,メルセデスベンツ専用 ハンドルカバー ステアリングカバー D型 上質な逸品【美品】 本革,メルセデスベンツ専用 ハンドルカバー ステアリングカバー D型 上質な逸品【美品】 本革 カーボン調,3000,3000,3000,0W-QHFzFYzJA7iyU0imO1gwFfjdo04lZ,https://aucview.aucfan.com/yahoo/o1205910967/,リサーチ結果/D型_20260428_075509/images/thumb_d7358073472c.jpg,"['リサーチ結果/D型_20260428_075509/images/detail_604d733a_0_95c6d18dbf48.jpg', 'リサーチ結果/D型_20260428_075509/images/detail_604d733a_1_7844be71cc49.jpg', 'リサーチ結果/D型_20260428_075509/images/detail_604d733a_2_6d434ed55fa1.jpg', 'リサーチ結果/D型_20260428_075509/images/detail_604d733a_3_66146d7f4d91.jpg', 'リサーチ結果/D型_20260428_075509/images/detail_604d733a_4_77cce6102aad.jpg']",a8fa1585deb2289e,False,,True,https://auctions.afimg.jp/o1205910967/ya/thumbnail/o1205910967.jpg,,False,,False,,False
a24bf469-ec0f-4633-a4d2-9b283244adf0,D.B7.BF,waiting,a24bf469-ec0f-4633-a4d2-9b283244adf0,1,77.RGM-89D ジェガンD型 プレミアムバンダイ限定 （1/144スケール HGUC 機動戦士ガンダム,77.RGM-89D ジェガンD型 プレミアムバンダイ限定 （1/144スケール HGUC 機動戦士ガンダムUC 0189635）,3000,3000,3000,vt-ktvAHniBeVJwUee4ARxFfYmlABblh,https://aucview.aucfan.com/yahoo/o1224970255/,リサーチ結果/D型_20260428_075509/images/thumb_8ee7cd65c7fb.jpg,"['リサーチ結果/D型_20260428_075509/images/detail_a24bf469_0_42991ba651b9.jpg', 'リサーチ結果/D型_20260428_075509/images/detail_a24bf469_1_667c178c6646.jpg', 'リサーチ結果/D型_20260428_075509/images/detail_a24bf469_2_8c2a10cd1dac.jpg', 'リサーチ結果/D型_20260428_075509/images/detail_a24bf469_3_693fc83ac4a9.jpg', 'リサーチ結果/D型_20260428_075509/images/detail_a24bf469_4_5f1223603cf6.jpg']",aa06d5e9989d5bd0,False,,True,https://auctions.afimg.jp/o1224970255/ya/thumbnail/o1224970255.jpg,,False,,False,,False
08ef8dbf-6230-463d-bfa4-edb995325d33,D.B7.BF,waiting,08ef8dbf-6230-463d-bfa4-edb995325d33,1,フォルクスワーゲン専用 ハンドルカバー ステアリングカバー D型 本革 上質な逸品【美品,フォルクスワーゲン専用 ハンドルカバー ステアリングカバー D型 本革 上質な逸品【美品】 カーボン調,3000,3000,3000,0W-QHFzFYzJA7iyU0imO1gwFfjdo04lZ,https://aucview.aucfan.com/yahoo/q1198848881/,リサーチ結果/D型_20260428_075509/images/thumb_f54e0417cdec.jpg,"['リサーチ結果/D型_20260428_075509/images/detail_08ef8dbf_0_b60b6ae93e63.jpg', 'リサーチ結果/D型_20260428_075509/images/detail_08ef8dbf_1_c0bcc76b9518.jpg', 'リサーチ結果/D型_20260428_075509/images/detail_08ef8dbf_2_6b785d9f333c.jpg', 'リサーチ結果/D型_20260428_075509/images/detail_08ef8dbf_3_16c90d25b436.jpg', 'リサーチ結果/D型_20260428_075509/images/detail_08ef8dbf_4_79188632ea98.jpg']",dcf32ac3d58d2b80,False,,True,https://auctions.afimg.jp/q1198848881/ya/thumbnail/q1198848881.jpg,,False,,False,,False
32c6855c-e818-44f1-a168-17629af1bce0,D.B7.BF,waiting,32c6855c-e818-44f1-a168-17629af1bce0,1,日産専用 ハンドルカバー ステアリングカバー D型 未使用 超レア品 本革 カーボン調 ブラ,日産専用 ハンドルカバー ステアリングカバー D型 未使用 超レア品 本革 カーボン調 ブラウン,3000,3000,3000,Vk-c3MyvbO5IjqkUpaUlDdR6nz0bRrsX,https://aucview.aucfan.com/yahoo/c1222638629/,リサーチ結果/D型_20260428_075509/images/thumb_1b725cd3c1b0.jpg,"['リサーチ結果/D型_20260428_075509/images/detail_32c6855c_0_95c6d18dbf48.jpg', 'リサーチ結果/D型_20260428_075509/images/detail_32c6855c_1_7844be71cc49.jpg', 'リサーチ結果/D型_20260428_075509/images/detail_32c6855c_2_6d434ed55fa1.jpg', 'リサーチ結果/D型_20260428_075509/images/detail_32c6855c_3_66146d7f4d91.jpg', 'リサーチ結果/D型_20260428_075509/images/detail_32c6855c_4_77cce6102aad.jpg']",9de74190ce693ae1,False,,True,https://auctions.afimg.jp/c1222638629/ya/thumbnail/c1222638629.jpg,,False,,False,,False
74674340-49b5-45ed-803a-0babf69cb16a,D.B7.BF,waiting,74674340-49b5-45ed-803a-0babf69cb16a,1,日産専用 上質な逸品 ハンドルカバー ステアリングカバー D型 本革 【美品】 カーボン調,日産専用 上質な逸品 ハンドルカバー ステアリングカバー D型 本革 【美品】 カーボン調,2999,2999,2999,nM-xvc0GObXtNCtAUpVle*zkqKYwF_fK,https://aucview.aucfan.com/yahoo/v1222438698/,リサーチ結果/D型_20260428_075509/images/thumb_88b7127b0b64.jpg,"['リサーチ結果/D型_20260428_075509/images/detail_74674340_0_95c6d18dbf48.jpg', 'リサーチ結果/D型_20260428_075509/images/detail_74674340_1_7844be71cc49.jpg', 'リサーチ結果/D型_20260428_075509/images/detail_74674340_2_6d434ed55fa1.jpg', 'リサーチ結果/D型_20260428_075509/images/detail_74674340_3_66146d7f4d91.jpg', 'リサーチ結果/D型_20260428_075509/images/detail_74674340_4_77cce6102aad.jpg']",b8a8c023e7b7ce94,False,,True,https://auctions.afimg.jp/v1222438698/ya/thumbnail/v1222438698.jpg,,False,,False,,False
0d0f50a3-f93b-4503-80e5-56ee010d5886,D.B7.BF,waiting,0d0f50a3-f93b-4503-80e5-56ee010d5886,2,送料無料　ZZR1100　ZZR1200　C型 D型　CVK　一台分フロートバルブ　 ニードルバルブ　キ,送料無料　ZZR1100　ZZR1200　C型 D型　CVK　一台分フロートバルブ　 ニードルバルブ　キャブレター　キャブ リペア キット　未使用,2998,2998,2998,ps-CtOR0Qk0s*nfW8zywcVY5C*4t*Nvj,https://aucview.aucfan.com/yahoo/n1223422526/,リサーチ結果/D型_20260428_075509/images/thumb_b4a806c7196f.jpg,"['リサーチ結果/D型_20260428_075509/images/detail_0d0f50a3_0_8ba22b225ca8.jpg', 'リサーチ結果/D型_20260428_075509/images/detail_0d0f50a3_1_b862b12a4dd4.jpg', 'リサーチ結果/D型_20260428_075509/images/detail_0d0f50a3_2_a1186cf88a1c.jpg', 'リサーチ結果/D型_20260428_075509/images/detail_0d0f50a3_3_0c2903880269.jpg', 'リサーチ結果/D型_20260428_075509/images/detail_0d0f50a3_4_28aa8f747f76.jpg']",9ce3182eeb1ce117,False,,True,https://auctions.afimg.jp/n1223422526/ya/thumbnail/n1223422526.jpg,,False,,False,,False
105dff31-56e6-41b9-a742-d5b3a3f0c058,D.B7.BF,waiting,0d0f50a3-f93b-4503-80e5-56ee010d5886,2,送料無料　ZZR1100　ZZR1200　C型 D型　CVK　一台分フロートバルブ　 ニードルバルブ　キ,送料無料　ZZR1100　ZZR1200　C型 D型　CVK　一台分フロートバルブ　 ニードルバルブ　キャブレター　キャブ リペア キット　未使用,2998,2998,2998,ps-CtOR0Qk0s*nfW8zywcVY5C*4t*Nvj,https://aucview.aucfan.com/yahoo/l1224611424/,リサーチ結果/D型_20260428_075509/images/thumb_f8b6a3a702e3.jpg,"['リサーチ結果/D型_20260428_075509/images/detail_105dff31_0_8ba22b225ca8.jpg', 'リサーチ結果/D型_20260428_075509/images/detail_105dff31_1_b862b12a4dd4.jpg', 'リサーチ結果/D型_20260428_075509/images/detail_105dff31_2_a1186cf88a1c.jpg', 'リサーチ結果/D型_20260428_075509/images/detail_105dff31_3_0c2903880269.jpg', 'リサーチ結果/D型_20260428_075509/images/detail_105dff31_4_28aa8f747f76.jpg']",9ce3182eeb1ce117,False,,True,https://auctions.afimg.jp/l1224611424/ya/thumbnail/l1224611424.jpg,,False,,False,,False
fe37cd51-f1db-4c07-9a12-bda379d4559c,D.B7.BF,waiting,fe37cd51-f1db-4c07-9a12-bda379d4559c,1,【 送料無料 】Freell ◆カラビナリング 50個セット D型 キーリング キーホルダー ナスカ,【 送料無料 】Freell ◆カラビナリング 50個セット D型 キーリング キーホルダー ナスカン Ｄリング Ｄカン キャンプ アウトドア∧,2980,2980,2980,vq-EWfZHehEijmjE465VuZcxMV5xsJO,https://aucview.aucfan.com/yahoo/1191880973/,リサーチ結果/D型_20260428_075509/images/thumb_f019fb77ec29.jpg,"['リサーチ結果/D型_20260428_075509/images/detail_fe37cd51_0_ca9388a6074e.jpg', 'リサーチ結果/D型_20260428_075509/images/detail_fe37cd51_1_97b41357e74d.jpg', 'リサーチ結果/D型_20260428_075509/images/detail_fe37cd51_2_d83768338a33.jpg', 'リサーチ結果/D型_20260428_075509/images/detail_fe37cd51_3_719d4ce32897.jpg', 'リサーチ結果/D型_20260428_075509/images/detail_fe37cd51_4_a13c710761c1.jpg']",ea3fc58047370f07,False,,True,https://auctions.afimg.jp/1191880973/ya/thumbnail/1191880973.jpg,,False,,False,,False
6cf2b4f9-e178-4ad8-8cb4-56305076e414,D.B7.BF,waiting,6cf2b4f9-e178-4ad8-8cb4-56305076e414,1,日産専用 ハンドルカバー ステアリングカバー D型 本革 カーボン調 ブラウン,日産専用 ハンドルカバー ステアリングカバー D型 本革 カーボン調 ブラウン,2980,2980,2980,fa-zcn1t2E8XmY2bJAUz3BaWs9YEu1j3,https://aucview.aucfan.com/yahoo/b1223169507/,リサーチ結果/D型_20260428_075509/images/thumb_ee0817a3cf59.jpg,"['リサーチ結果/D型_20260428_075509/images/detail_6cf2b4f9_0_95c6d18dbf48.jpg', 'リサーチ結果/D型_20260428_075509/images/detail_6cf2b4f9_1_7844be71cc49.jpg', 'リサーチ結果/D型_20260428_075509/images/detail_6cf2b4f9_2_6d434ed55fa1.jpg', 'リサーチ結果/D型_20260428_075509/images/detail_6cf2b4f9_3_66146d7f4d91.jpg', 'リサーチ結果/D型_20260428_075509/images/detail_6cf2b4f9_4_77cce6102aad.jpg']",dce74190ce2d3bc4,False,,True,https://auctions.afimg.jp/b1223169507/ya/thumbnail/b1223169507.jpg,,False,,False,,False
7dfe0882-1da5-40f7-a250-5bd167d345a5,D.B7.BF,waiting,7dfe0882-1da5-40f7-a250-5bd167d345a5,2,日産専用 ハンドルカバー ステアリングカバー D型 本革 カーボン調 赤系,日産専用 ハンドルカバー ステアリングカバー D型 本革 カーボン調 赤系,2980,2980,2980,fa-zcn1t2E8XmY2bJAUz3BaWs9YEu1j3,https://aucview.aucfan.com/yahoo/l1224954847/,リサーチ結果/D型_20260428_075509/images/thumb_96e4c14f1ad7.jpg,"['リサーチ結果/D型_20260428_075509/images/detail_7dfe0882_0_95c6d18dbf48.jpg', 'リサーチ結果/D型_20260428_075509/images/detail_7dfe0882_1_7844be71cc49.jpg', 'リサーチ結果/D型_20260428_075509/images/detail_7dfe0882_2_6d434ed55fa1.jpg', 'リサーチ結果/D型_20260428_075509/images/detail_7dfe0882_3_66146d7f4d91.jpg', 'リサーチ結果/D型_20260428_075509/images/detail_7dfe0882_4_77cce6102aad.jpg']",98e64591de593ae1,False,,True,https://auctions.afimg.jp/l1224954847/ya/thumbnail/l1224954847.jpg,,False,,False,,False
9b04a565-4571-471a-8e28-e3cb2a9d3d9c,D.B7.BF,waiting,9b04a565-4571-471a-8e28-e3cb2a9d3d9c,2,日産専用 ハンドルカバー ステアリングカバー D型 本革 カーボン調 黒,日産専用 ハンドルカバー ステアリングカバー D型 本革 カーボン調 黒,2980,2980,2980,fa-zcn1t2E8XmY2bJAUz3BaWs9YEu1j3,https://aucview.aucfan.com/yahoo/s1224892171/,リサーチ結果/D型_20260428_075509/images/thumb_8ed2ea691271.jpg,"['リサーチ結果/D型_20260428_075509/images/detail_9b04a565_0_95c6d18dbf48.jpg', 'リサーチ結果/D型_20260428_075509/images/detail_9b04a565_1_7844be71cc49.jpg', 'リサーチ結果/D型_20260428_075509/images/detail_9b04a565_2_6d434ed55fa1.jpg', 'リサーチ結果/D型_20260428_075509/images/detail_9b04a565_3_66146d7f4d91.jpg', 'リサーチ結果/D型_20260428_075509/images/detail_9b04a565_4_77cce6102aad.jpg']",9de74511d6cc3a98,False,,True,https://auctions.afimg.jp/s1224892171/ya/thumbnail/s1224892171.jpg,,False,,False,,False
58b4cc4e-ec5e-43b4-98fa-f3b7ce026246,D.B7.BF,waiting,58b4cc4e-ec5e-43b4-98fa-f3b7ce026246,1,メルセデスベンツ ハンドルカバー レザー ステアリングカバー 滑り止め 握りやすい D型,メルセデスベンツ ハンドルカバー レザー ステアリングカバー 滑り止め 握りやすい D型 カーボン調 Sサイズ,2980,2980,2980,4J-D4G4BAmXCTdJ39spIpP18Hxs03Plw,https://aucview.aucfan.com/yahoo/1226013731/,リサーチ結果/D型_20260428_075509/images/thumb_67fdd0402fbd.jpg,"['リサーチ結果/D型_20260428_075509/images/detail_58b4cc4e_0_95c6d18dbf48.jpg', 'リサーチ結果/D型_20260428_075509/images/detail_58b4cc4e_1_7844be71cc49.jpg', 'リサーチ結果/D型_20260428_075509/images/detail_58b4cc4e_2_6d434ed55fa1.jpg', 'リサーチ結果/D型_20260428_075509/images/detail_58b4cc4e_3_66146d7f4d91.jpg', 'リサーチ結果/D型_20260428_075509/images/detail_58b4cc4e_4_77cce6102aad.jpg']",ccf3138c86c93adc,False,,True,https://auctions.afimg.jp/1226013731/ya/thumbnail/1226013731.jpg,,False,,False,,False
baba24ce-7780-421c-a368-99ae73c5a8bc,D.B7.BF,waiting,baba24ce-7780-421c-a368-99ae73c5a8bc,2,日産 ハンドルカバー レザー ステアリングカバー 滑り止め 握りやすい 通気性 D型 カーボ,日産 ハンドルカバー レザー ステアリングカバー 滑り止め 握りやすい 通気性 D型 カーボン調,2980,2980,2980,4J-D4G4BAmXCTdJ39spIpP18Hxs03Plw,https://aucview.aucfan.com/yahoo/l1226634442/,リサーチ結果/D型_20260428_075509/images/thumb_a37f5ee98fa7.jpg,"['リサーチ結果/D型_20260428_075509/images/detail_baba24ce_0_95c6d18dbf48.jpg', 'リサーチ結果/D型_20260428_075509/images/detail_baba24ce_1_7844be71cc49.jpg', 'リサーチ結果/D型_20260428_075509/images/detail_baba24ce_2_6d434ed55fa1.jpg', 'リサーチ結果/D型_20260428_075509/images/detail_baba24ce_3_66146d7f4d91.jpg', 'リサーチ結果/D型_20260428_075509/images/detail_baba24ce_4_77cce6102aad.jpg']",c4f070d4dada3c1b,False,,True,https://auctions.afimg.jp/l1226634442/ya/thumbnail/l1226634442.jpg,,False,,False,,False
2a6030aa-f035-4c9d-814f-a32c2fbd5f81,D.B7.BF,waiting,2a6030aa-f035-4c9d-814f-a32c2fbd5f81,1,フェンダーモール オーバーフェンダー フェンダー モールカバー 車 汎用 車検 対応 D型 1,フェンダーモール オーバーフェンダー フェンダー モールカバー 車 汎用 車検 対応 D型 1.5m ブラック 4本,2980,2980,2980,BK-guhNKAEr268TaHcsLxiDEqyTB*iRr,https://aucview.aucfan.com/yahoo/e1223765782/,リサーチ結果/D型_20260428_075509/images/thumb_28442a71d97f.jpg,"['リサーチ結果/D型_20260428_075509/images/detail_2a6030aa_0_64c988203a3a.jpg', 'リサーチ結果/D型_20260428_075509/images/detail_2a6030aa_1_c349a27affd9.jpg', 'リサーチ結果/D型_20260428_075509/images/detail_2a6030aa_2_093c8a5f3cfd.jpg', 'リサーチ結果/D型_20260428_075509/images/detail_2a6030aa_3_92f643cceb60.jpg', 'リサーチ結果/D型_20260428_075509/images/detail_2a6030aa_4_d88067977aad.jpg']",fe4993e4c0649d33,False,,True,https://auctions.afimg.jp/e1223765782/ya/thumbnail/e1223765782.jpg,,False,,False,,False
ad7071c8-eb8f-44da-8b4d-1a4975f2f351,D.B7.BF,waiting,9b04a565-4571-471a-8e28-e3cb2a9d3d9c,2,日産専用 ハンドルカバー ステアリングカバー D型 本革 カーボン調 黒,日産専用 ハンドルカバー ステアリングカバー D型 本革 カーボン調 黒,2980,2980,2980,fa-zcn1t2E8XmY2bJAUz3BaWs9YEu1j3,https://aucview.aucfan.com/yahoo/x1222083974/,リサーチ結果/D型_20260428_075509/images/thumb_d9ca46f0f563.jpg,"['リサーチ結果/D型_20260428_075509/images/detail_ad7071c8_0_95c6d18dbf48.jpg', 'リサーチ結果/D型_20260428_075509/images/detail_ad7071c8_1_7844be71cc49.jpg', 'リサーチ結果/D型_20260428_075509/images/detail_ad7071c8_2_6d434ed55fa1.jpg', 'リサーチ結果/D型_20260428_075509/images/detail_ad7071c8_3_66146d7f4d91.jpg', 'リサーチ結果/D型_20260428_075509/images/detail_ad7071c8_4_77cce6102aad.jpg']",9de74511d6cc3a98,False,,True,https://auctions.afimg.jp/x1222083974/ya/thumbnail/x1222083974.jpg,,False,,False,,False
c3fcadb1-69d7-498e-8171-01d78b2bc3dd,D.B7.BF,waiting,baba24ce-7780-421c-a368-99ae73c5a8bc,2,日産 ハンドルカバー レザー ステアリングカバー 滑り止め 握りやすい D型 カーボン調 S,日産 ハンドルカバー レザー ステアリングカバー 滑り止め 握りやすい D型 カーボン調 Sサイズ,2980,2980,2980,4J-D4G4BAmXCTdJ39spIpP18Hxs03Plw,https://aucview.aucfan.com/yahoo/j1225938135/,リサーチ結果/D型_20260428_075509/images/thumb_17e05f92f24b.jpg,"['リサーチ結果/D型_20260428_075509/images/detail_c3fcadb1_0_95c6d18dbf48.jpg', 'リサーチ結果/D型_20260428_075509/images/detail_c3fcadb1_1_7844be71cc49.jpg', 'リサーチ結果/D型_20260428_075509/images/detail_c3fcadb1_2_6d434ed55fa1.jpg', 'リサーチ結果/D型_20260428_075509/images/detail_c3fcadb1_3_66146d7f4d91.jpg', 'リサーチ結果/D型_20260428_075509/images/detail_c3fcadb1_4_77cce6102aad.jpg']",c4f070d4dada3c1b,False,,True,https://auctions.afimg.jp/j1225938135/ya/thumbnail/j1225938135.jpg,,False,,False,,False
947599f1-bf85-4c59-aaa2-829635dda405,D.B7.BF,waiting,947599f1-bf85-4c59-aaa2-829635dda405,1,メルセデスベンツ専用 ハンドルカバー ステアリングカバー D型 本革 カーボン調,メルセデスベンツ専用 ハンドルカバー ステアリングカバー D型 本革 カーボン調,2980,2980,2980,fa-zcn1t2E8XmY2bJAUz3BaWs9YEu1j3,https://aucview.aucfan.com/yahoo/j1223165966/,リサーチ結果/D型_20260428_075509/images/thumb_5612d8b605c1.jpg,"['リサーチ結果/D型_20260428_075509/images/detail_947599f1_0_95c6d18dbf48.jpg', 'リサーチ結果/D型_20260428_075509/images/detail_947599f1_1_7844be71cc49.jpg', 'リサーチ結果/D型_20260428_075509/images/detail_947599f1_2_6d434ed55fa1.jpg', 'リサーチ結果/D型_20260428_075509/images/detail_947599f1_3_66146d7f4d91.jpg', 'リサーチ結果/D型_20260428_075509/images/detail_947599f1_4_77cce6102aad.jpg']",a0ea5725ded2689a,False,,True,https://auctions.afimg.jp/j1223165966/ya/thumbnail/j1223165966.jpg,,False,,False,,False
3e95c3dd-ff12-4b16-98ca-3434551652f8,D.B7.BF,waiting,7dfe0882-1da5-40f7-a250-5bd167d345a5,2,日産専用 ハンドルカバー ステアリングカバー D型 本革 カーボン調 赤系,日産専用 ハンドルカバー ステアリングカバー D型 本革 カーボン調 赤系,2980,2980,2980,fa-zcn1t2E8XmY2bJAUz3BaWs9YEu1j3,https://aucview.aucfan.com/yahoo/g1223163842/,リサーチ結果/D型_20260428_075509/images/thumb_6141feb715fc.jpg,"['リサーチ結果/D型_20260428_075509/images/detail_3e95c3dd_0_95c6d18dbf48.jpg', 'リサーチ結果/D型_20260428_075509/images/detail_3e95c3dd_1_7844be71cc49.jpg', 'リサーチ結果/D型_20260428_075509/images/detail_3e95c3dd_2_6d434ed55fa1.jpg', 'リサーチ結果/D型_20260428_075509/images/detail_3e95c3dd_3_66146d7f4d91.jpg', 'リサーチ結果/D型_20260428_075509/images/detail_3e95c3dd_4_77cce6102aad.jpg']",98e64591de593ae1,False,,True,https://auctions.afimg.jp/g1223163842/ya/thumbnail/g1223163842.jpg,,False,,False,,False
bdf6c819-3f86-4db1-bdd2-3e06993a81ce,D.B7.BF,waiting,bdf6c819-3f86-4db1-bdd2-3e06993a81ce,1,未使用　PLATZ 1/35 IV号戦車D型(H型仕様) -あんこうチームver.- 「ガールズ＆パンツァー,未使用　PLATZ 1/35 IV号戦車D型(H型仕様) -あんこうチームver.- 「ガールズ＆パンツァー」 [GP-4] ※キャタピラ経年劣化　65116021,2976,2976,2976,3N-HALK_Z4Oo66qP64m9aKAnzpieQb_,https://aucview.aucfan.com/yahoo/s1211378964/,リサーチ結果/D型_20260428_075509/images/thumb_e7a3afb330c8.jpg,"['リサーチ結果/D型_20260428_075509/images/detail_bdf6c819_0_8739aaa2d11e.jpg', 'リサーチ結果/D型_20260428_075509/images/detail_bdf6c819_1_4c339db9c80d.jpg', 'リサーチ結果/D型_20260428_075509/images/detail_bdf6c819_2_d270446394bd.jpg', 'リサーチ結果/D型_20260428_075509/images/detail_bdf6c819_3_fffe1c90604b.jpg', 'リサーチ結果/D型_20260428_075509/images/detail_bdf6c819_4_ba42cc2a8370.jpg']",fa81c66ee0519e78,False,,True,https://auctions.afimg.jp/s1211378964/ya/thumbnail/s1211378964.jpg,,False,,False,,False
d37913f5-0f42-48f3-939c-42d26e7f19dd,D.B7.BF,waiting,d37913f5-0f42-48f3-939c-42d26e7f19dd,1,プレバン　 機動戦士ガンダムUC HG 1/144 RGM-89D ジェガンD型 未組立！,プレバン　 機動戦士ガンダムUC HG 1/144 RGM-89D ジェガンD型 未組立！,2900,120,120,Yw-ZJnGtJsbDl0W3V_ctYCenIx*6Pc0A,https://aucview.aucfan.com/yahoo/k1223459393/,リサーチ結果/D型_20260428_075509/images/thumb_29a7b1d22eff.jpg,"['リサーチ結果/D型_20260428_075509/images/detail_d37913f5_0_42991ba651b9.jpg', 'リサーチ結果/D型_20260428_075509/images/detail_d37913f5_1_667c178c6646.jpg', 'リサーチ結果/D型_20260428_075509/images/detail_d37913f5_2_8c2a10cd1dac.jpg', 'リサーチ結果/D型_20260428_075509/images/detail_d37913f5_3_693fc83ac4a9.jpg', 'リサーチ結果/D型_20260428_075509/images/detail_d37913f5_4_5f1223603cf6.jpg']",d75669c02ddb0237,False,,True,https://auctions.afimg.jp/k1223459393/ya/thumbnail/k1223459393.jpg,,False,,False,,False
87ece008-e324-4a9c-8f41-2ca0466bf11a,D.B7.BF,waiting,87ece008-e324-4a9c-8f41-2ca0466bf11a,1,新品 未使用 HG ジェガン D型 キャンペーンデカール付き プレバン HGUC ガンプラ 機動戦,新品 未使用 HG ジェガン D型 キャンペーンデカール付き プレバン HGUC ガンプラ 機動戦士ガンダム ガンダムUC ガンダムユニコーン,2860,2860,2860,2*-R5km1deJ_lV0DVp9V4hnxCIFsP*L,https://aucview.aucfan.com/yahoo/e1227021206/,リサーチ結果/D型_20260428_075509/images/thumb_8e0edddf9307.jpg,"['リサーチ結果/D型_20260428_075509/images/detail_87ece008_0_42991ba651b9.jpg', 'リサーチ結果/D型_20260428_075509/images/detail_87ece008_1_667c178c6646.jpg', 'リサーチ結果/D型_20260428_075509/images/detail_87ece008_2_8c2a10cd1dac.jpg', 'リサーチ結果/D型_20260428_075509/images/detail_87ece008_3_693fc83ac4a9.jpg', 'リサーチ結果/D型_20260428_075509/images/detail_87ece008_4_5f1223603cf6.jpg']",fe87c1619538d07a,False,,True,https://auctions.afimg.jp/e1227021206/ya/thumbnail/e1227021206.jpg,,False,,False,,False
42e98052-ccca-4513-96b4-c3f9fd49afa7,D.B7.BF,waiting,42e98052-ccca-4513-96b4-c3f9fd49afa7,1,78.RGM-89D ジェガンD型 プレミアムバンダイ限定 （1/144スケール HGUC 機動戦士ガンダム,78.RGM-89D ジェガンD型 プレミアムバンダイ限定 （1/144スケール HGUC 機動戦士ガンダムUC 0189635）,2800,2800,2800,vt-ktvAHniBeVJwUee4ARxFfYmlABblh,https://aucview.aucfan.com/yahoo/g1224969358/,リサーチ結果/D型_20260428_075509/images/thumb_4e94e8f950e6.jpg,"['リサーチ結果/D型_20260428_075509/images/detail_42e98052_0_42991ba651b9.jpg', 'リサーチ結果/D型_20260428_075509/images/detail_42e98052_1_667c178c6646.jpg', 'リサーチ結果/D型_20260428_075509/images/detail_42e98052_2_8c2a10cd1dac.jpg', 'リサーチ結果/D型_20260428_075509/images/detail_42e98052_3_693fc83ac4a9.jpg', 'リサーチ結果/D型_20260428_075509/images/detail_42e98052_4_5f1223603cf6.jpg']",b742e8f99c1f5122,False,,True,https://auctions.afimg.jp/g1224969358/ya/thumbnail/g1224969358.jpg,,False,,False,,False
5d94da00-8f9b-46ad-853c-0efc8cb9a02a,D.B7.BF,waiting,5d94da00-8f9b-46ad-853c-0efc8cb9a02a,1,即決◆バンダイ ガンプラ HG 1/144 ジェガンＤ型 ／ 機動戦士ガンダムＵＣ,即決◆バンダイ ガンプラ HG 1/144 ジェガンＤ型 ／ 機動戦士ガンダムＵＣ,2800,2800,2800,VR-JiQO1LMqP95IUx9Ex1EQmpyB*wjLZ,https://aucview.aucfan.com/yahoo/r1224889761/,リサーチ結果/D型_20260428_075509/images/thumb_fb4075f88d71.jpg,"['リサーチ結果/D型_20260428_075509/images/detail_5d94da00_0_42991ba651b9.jpg', 'リサーチ結果/D型_20260428_075509/images/detail_5d94da00_1_667c178c6646.jpg', 'リサーチ結果/D型_20260428_075509/images/detail_5d94da00_2_8c2a10cd1dac.jpg', 'リサーチ結果/D型_20260428_075509/images/detail_5d94da00_3_693fc83ac4a9.jpg', 'リサーチ結果/D型_20260428_075509/images/detail_5d94da00_4_5f1223603cf6.jpg']",97d7e3608858da2e,False,,True,https://auctions.afimg.jp/r1224889761/ya/thumbnail/r1224889761.jpg,,False,,False,,False
4c704cdd-bdc5-4869-80dc-9058f05409db,D.B7.BF,waiting,4c704cdd-bdc5-4869-80dc-9058f05409db,1,【1円～】【未開封】1/144 HGUC RGM-89D ジェガンD型(迷彩仕様) 「機動戦士ガンダムUC」,【1円～】【未開封】1/144 HGUC RGM-89D ジェガンD型(迷彩仕様) 「機動戦士ガンダムUC」,2700,1,1,z3-uIedSK5LKVAYiijZNLUh4WDzljve5,https://aucview.aucfan.com/yahoo/j1224980229/,リサーチ結果/D型_20260428_075509/images/thumb_0bde6cc85312.jpg,"['リサーチ結果/D型_20260428_075509/images/detail_4c704cdd_0_42991ba651b9.jpg', 'リサーチ結果/D型_20260428_075509/images/detail_4c704cdd_1_667c178c6646.jpg', 'リサーチ結果/D型_20260428_075509/images/detail_4c704cdd_2_8c2a10cd1dac.jpg', 'リサーチ結果/D型_20260428_075509/images/detail_4c704cdd_3_693fc83ac4a9.jpg', 'リサーチ結果/D型_20260428_075509/images/detail_4c704cdd_4_5f1223603cf6.jpg']",afaee3e0dc89c091,False,,True,https://auctions.afimg.jp/j1224980229/ya/thumbnail/j1224980229.jpg,,False,,False,,False
98a27e64-2056-4a65-bd00-58cfbbc97016,D.B7.BF,waiting,98a27e64-2056-4a65-bd00-58cfbbc97016,2,機動戦士ガンダム HG 1/144 ジェガンD型 プレミアムバンダイ,機動戦士ガンダム HG 1/144 ジェガンD型 プレミアムバンダイ,2603,2603,2603,Ps-J7icvejTw_iQyrxzum9mJQPeIplp6,https://aucview.aucfan.com/yahoo/g1224070167/,リサーチ結果/D型_20260428_075509/images/thumb_bfc96996bf1b.jpg,"['リサーチ結果/D型_20260428_075509/images/detail_98a27e64_0_142cfc52d638.jpg', 'リサーチ結果/D型_20260428_075509/images/detail_98a27e64_1_4b635401d515.jpg', 'リサーチ結果/D型_20260428_075509/images/detail_98a27e64_2_17d869a97678.jpg', 'リサーチ結果/D型_20260428_075509/images/detail_98a27e64_3_76cf76a4ee16.jpg', 'リサーチ結果/D型_20260428_075509/images/detail_98a27e64_4_21168df4e5e4.jpg']",a7a663e02cf9d829,False,,True,https://auctions.afimg.jp/g1224070167/ya/thumbnail/g1224070167.jpg,,False,,False,,False
7f3f9a2b-2a41-46fe-9d95-8a2259c9bd0a,D.B7.BF,waiting,7f3f9a2b-2a41-46fe-9d95-8a2259c9bd0a,1,ZZR1100-D型タイプ 純正キャブレターオーリングセット【05】 CVKキャブＯリング ZX9R-B/C,ZZR1100-D型タイプ 純正キャブレターオーリングセット【05】 CVKキャブＯリング ZX9R-B/C/F型 ZZ-R1100ZX-11ZZR1200 パッキンシール,2600,2600,2600,LA-lXYP6uidCXEL7z3hlzr9eKMvq5yZR,https://aucview.aucfan.com/yahoo/p1221903915/,リサーチ結果/D型_20260428_075509/images/thumb_bfe71863b4b2.jpg,"['リサーチ結果/D型_20260428_075509/images/detail_7f3f9a2b_0_8ba22b225ca8.jpg', 'リサーチ結果/D型_20260428_075509/images/detail_7f3f9a2b_1_b862b12a4dd4.jpg', 'リサーチ結果/D型_20260428_075509/images/detail_7f3f9a2b_2_a1186cf88a1c.jpg', 'リサーチ結果/D型_20260428_075509/images/detail_7f3f9a2b_3_0c2903880269.jpg', 'リサーチ結果/D型_20260428_075509/images/detail_7f3f9a2b_4_28aa8f747f76.jpg']",b09f0f6a68b4354b,False,,True,https://auctions.afimg.jp/p1221903915/ya/thumbnail/p1221903915.jpg,,False,,False,,False
63a583aa-6736-4f94-b0a4-f4f4532fcba4,D.B7.BF,waiting,63a583aa-6736-4f94-b0a4-f4f4532fcba4,1,アダチ　シリンダー　国鉄D型用,アダチ　シリンダー　国鉄D型用,2600,2600,2600,fu-AvdYvW4KymNljODUMeDZDHS1QLgCt,https://aucview.aucfan.com/yahoo/p1224411241/,リサーチ結果/D型_20260428_075509/images/thumb_7ee483cce741.jpg,"['リサーチ結果/D型_20260428_075509/images/detail_63a583aa_0_aa5e690b594b.jpg', 'リサーチ結果/D型_20260428_075509/images/detail_63a583aa_1_ec88376958e2.jpg', 'リサーチ結果/D型_20260428_075509/images/detail_63a583aa_2_c287985aba7a.jpg', 'リサーチ結果/D型_20260428_075509/images/detail_63a583aa_3_a9d8ffd8f300.jpg', 'リサーチ結果/D型_20260428_075509/images/detail_63a583aa_4_f603d1105bc6.jpg']",e19930b2cece98e6,False,,True,https://auctions.afimg.jp/p1224411241/ya/thumbnail/p1224411241.jpg,,False,,False,,False
49c37a03-17ba-4814-87e7-e0cf27b6e137,D.B7.BF,waiting,49c37a03-17ba-4814-87e7-e0cf27b6e137,2,機動戦士ガンダム HG 1/144 ジェガンD型(ピコ・アルティドール専用機) プレミアムバンダ,機動戦士ガンダム HG 1/144 ジェガンD型(ピコ・アルティドール専用機) プレミアムバンダイ アクロス・ザ・スカイ,2600,2600,2600,Ps-J7icvejTw_iQyrxzum9mJQPeIplp6,https://aucview.aucfan.com/yahoo/m1224069876/,リサーチ結果/D型_20260428_075509/images/thumb_a1d0923a8f9c.jpg,"['リサーチ結果/D型_20260428_075509/images/detail_49c37a03_0_142cfc52d638.jpg', 'リサーチ結果/D型_20260428_075509/images/detail_49c37a03_1_4b635401d515.jpg', 'リサーチ結果/D型_20260428_075509/images/detail_49c37a03_2_17d869a97678.jpg', 'リサーチ結果/D型_20260428_075509/images/detail_49c37a03_3_76cf76a4ee16.jpg', 'リサーチ結果/D型_20260428_075509/images/detail_49c37a03_4_21168df4e5e4.jpg']",e96223c42ee8d9dc,False,,True,https://auctions.afimg.jp/m1224069876/ya/thumbnail/m1224069876.jpg,,False,,False,,False
3c32e27b-05e2-4abf-899c-e6df39bd05e4,D.B7.BF,waiting,3c32e27b-05e2-4abf-899c-e6df39bd05e4,1,タミヤ 1/35 ミリタリーミニチュアシリーズ ドイツ88mm砲 Flak36/37・Ⅳ号戦車D型・ソビ,タミヤ 1/35 ミリタリーミニチュアシリーズ ドイツ88mm砲 Flak36/37・Ⅳ号戦車D型・ソビエトT-34/76 1942年型（未開封・未組立）,2600,2600,2600,At-aBI_79jwBWV8vD6adBBJz0h1heztZ,https://aucview.aucfan.com/yahoo/w1226062624/,リサーチ結果/D型_20260428_075509/images/thumb_6017978bad70.jpg,"['リサーチ結果/D型_20260428_075509/images/detail_3c32e27b_0_8739aaa2d11e.jpg', 'リサーチ結果/D型_20260428_075509/images/detail_3c32e27b_1_4c339db9c80d.jpg', 'リサーチ結果/D型_20260428_075509/images/detail_3c32e27b_2_d270446394bd.jpg', 'リサーチ結果/D型_20260428_075509/images/detail_3c32e27b_3_fffe1c90604b.jpg', 'リサーチ結果/D型_20260428_075509/images/detail_3c32e27b_4_ba42cc2a8370.jpg']",d09e4de0676d60e6,False,,True,https://auctions.afimg.jp/w1226062624/ya/thumbnail/w1226062624.jpg,,False,,False,,False
eb0bb3a1-b70d-49a8-8698-8eee1ee5df38,D.B7.BF,waiting,eb0bb3a1-b70d-49a8-8698-8eee1ee5df38,1,1/144 HGUC ジェガンD型(迷彩仕様) 「機動戦士ガンダムUC」 プレミアムバンダイ限定,1/144 HGUC ジェガンD型(迷彩仕様) 「機動戦士ガンダムUC」 プレミアムバンダイ限定,2500,2500,2500,vf-K5uaamPhecqJO1_orDuwds1IYrUFu,https://aucview.aucfan.com/yahoo/h1223787162/,リサーチ結果/D型_20260428_075509/images/thumb_5250c7e2fb87.jpg,"['リサーチ結果/D型_20260428_075509/images/detail_eb0bb3a1_0_42991ba651b9.jpg', 'リサーチ結果/D型_20260428_075509/images/detail_eb0bb3a1_1_667c178c6646.jpg', 'リサーチ結果/D型_20260428_075509/images/detail_eb0bb3a1_2_8c2a10cd1dac.jpg', 'リサーチ結果/D型_20260428_075509/images/detail_eb0bb3a1_3_693fc83ac4a9.jpg', 'リサーチ結果/D型_20260428_075509/images/detail_eb0bb3a1_4_5f1223603cf6.jpg']",f5c56ac29cc9d131,False,,True,https://auctions.afimg.jp/h1223787162/ya/thumbnail/h1223787162.jpg,,False,,False,,False
ffbe33a7-0d1d-439f-ba13-581932e1177b,D.B7.BF,waiting,ffbe33a7-0d1d-439f-ba13-581932e1177b,1,小湊鉄道 1日フリー乗車券(未使用) 限定デザイン　D型硬券,小湊鉄道 1日フリー乗車券(未使用) 限定デザイン　D型硬券,2500,2500,2500,y6-_lDNIsozQADwdPh0kT5V5MnBFodw0,https://aucview.aucfan.com/yahoo/j1226699302/,リサーチ結果/D型_20260428_075509/images/thumb_59a482149a00.jpg,"['リサーチ結果/D型_20260428_075509/images/detail_ffbe33a7_0_a6313553abd6.jpg', 'リサーチ結果/D型_20260428_075509/images/detail_ffbe33a7_1_e22808687248.jpg', 'リサーチ結果/D型_20260428_075509/images/detail_ffbe33a7_2_b35c4318e402.jpg', 'リサーチ結果/D型_20260428_075509/images/detail_ffbe33a7_3_14492bd60628.jpg', 'リサーチ結果/D型_20260428_075509/images/detail_ffbe33a7_4_b0ad0faded61.jpg']",d5006b3fd45185f5,False,,True,https://auctions.afimg.jp/j1226699302/ya/thumbnail/j1226699302.jpg,,False,,False,,False
fc627ec1-74f7-4235-8c15-c33f685fd924,D.B7.BF,waiting,fc627ec1-74f7-4235-8c15-c33f685fd924,1,スバル レヴォーグ(LEVORG)専用D型対応 ドアポケットマットラバーマット(赤/レッド) ドレ,スバル レヴォーグ(LEVORG)専用D型対応 ドアポケットマットラバーマット(赤/レッド) ドレスアップパーツアクセサリー 異音防止＆傷防止,2481,2481,2481,Jx-bO7kBkWEyLmgwBe6HyX_ejgRnIu3i,https://aucview.aucfan.com/yahoo/j1223868462/,リサーチ結果/D型_20260428_075509/images/thumb_50bb7b618968.jpg,"['リサーチ結果/D型_20260428_075509/images/detail_fc627ec1_0_95c6d18dbf48.jpg', 'リサーチ結果/D型_20260428_075509/images/detail_fc627ec1_1_7844be71cc49.jpg', 'リサーチ結果/D型_20260428_075509/images/detail_fc627ec1_2_6d434ed55fa1.jpg', 'リサーチ結果/D型_20260428_075509/images/detail_fc627ec1_3_66146d7f4d91.jpg', 'リサーチ結果/D型_20260428_075509/images/detail_fc627ec1_4_77cce6102aad.jpg']",fec1d1c285b19c66,False,,True,https://auctions.afimg.jp/j1223868462/ya/thumbnail/j1223868462.jpg,,False,,False,,False
30ee0a0a-249b-4990-9899-4021c97aa648,D.B7.BF,waiting,30ee0a0a-249b-4990-9899-4021c97aa648,3,海外製　電動ガン　ヘリカルベベルギア＆ピニオンギアセットＤ型セット　新品　送料無料,海外製　電動ガン　ヘリカルベベルギア＆ピニオンギアセットＤ型セット　新品　送料無料,2480,2480,2480,9A-0OmHUDbQEVIGAvjHya8b2N5QHBHXM,https://aucview.aucfan.com/yahoo/u1223782506/,リサーチ結果/D型_20260428_075509/images/thumb_cd362dd5b190.jpg,"['リサーチ結果/D型_20260428_075509/images/detail_30ee0a0a_0_cd8ece7361b7.jpg', 'リサーチ結果/D型_20260428_075509/images/detail_30ee0a0a_1_87f013380f8d.jpg', 'リサーチ結果/D型_20260428_075509/images/detail_30ee0a0a_2_4cc2958e3569.jpg', 'リサーチ結果/D型_20260428_075509/images/detail_30ee0a0a_3_74d367f4d5d2.jpg', 'リサーチ結果/D型_20260428_075509/images/detail_30ee0a0a_4_156d5ce67a6e.jpg']",f380ccd3336ccc93,False,,True,https://auctions.afimg.jp/u1223782506/ya/thumbnail/u1223782506.jpg,,False,,False,,False
7293dad4-db0b-4c23-8160-c2f59c87690d,D.B7.BF,waiting,30ee0a0a-249b-4990-9899-4021c97aa648,3,海外製　電動ガン　ヘリカルベベルギア＆ピニオンギアセットＤ型セット　新品　送料無料,海外製　電動ガン　ヘリカルベベルギア＆ピニオンギアセットＤ型セット　新品　送料無料,2480,120,120,9A-0OmHUDbQEVIGAvjHya8b2N5QHBHXM,https://aucview.aucfan.com/yahoo/d1224358967/,リサーチ結果/D型_20260428_075509/images/thumb_ed86cb1ce81d.jpg,"['リサーチ結果/D型_20260428_075509/images/detail_7293dad4_0_cd8ece7361b7.jpg', 'リサーチ結果/D型_20260428_075509/images/detail_7293dad4_1_87f013380f8d.jpg', 'リサーチ結果/D型_20260428_075509/images/detail_7293dad4_2_4cc2958e3569.jpg', 'リサーチ結果/D型_20260428_075509/images/detail_7293dad4_3_74d367f4d5d2.jpg', 'リサーチ結果/D型_20260428_075509/images/detail_7293dad4_4_156d5ce67a6e.jpg']",f380ccd3336ccc93,False,,True,https://auctions.afimg.jp/d1224358967/ya/thumbnail/d1224358967.jpg,,False,,False,,False
513fa186-a8f3-4a02-a2a2-60aeee64315d,D.B7.BF,waiting,49c37a03-17ba-4814-87e7-e0cf27b6e137,2,機動戦士ガンダム HG 1/144 ジェガンD型(ピコ・アルティドール専用機) プレミアムバンダ,機動戦士ガンダム HG 1/144 ジェガンD型(ピコ・アルティドール専用機) プレミアムバンダイ アクロス・ザ・スカイ,2480,2480,2480,Ps-J7icvejTw_iQyrxzum9mJQPeIplp6,https://aucview.aucfan.com/yahoo/p1225834624/,リサーチ結果/D型_20260428_075509/images/thumb_3eb1629537ff.jpg,"['リサーチ結果/D型_20260428_075509/images/detail_513fa186_0_142cfc52d638.jpg', 'リサーチ結果/D型_20260428_075509/images/detail_513fa186_1_4b635401d515.jpg', 'リサーチ結果/D型_20260428_075509/images/detail_513fa186_2_17d869a97678.jpg', 'リサーチ結果/D型_20260428_075509/images/detail_513fa186_3_76cf76a4ee16.jpg', 'リサーチ結果/D型_20260428_075509/images/detail_513fa186_4_21168df4e5e4.jpg']",e96223c42ee8d9dc,False,,True,https://auctions.afimg.jp/p1225834624/ya/thumbnail/p1225834624.jpg,,False,,False,,False
1a4f8d71-8976-4ab7-9861-3a954bb0d533,D.B7.BF,waiting,98a27e64-2056-4a65-bd00-58cfbbc97016,2,機動戦士ガンダム HG 1/144 ジェガンD型 プレミアムバンダイ,機動戦士ガンダム HG 1/144 ジェガンD型 プレミアムバンダイ,2480,2480,2480,Ps-J7icvejTw_iQyrxzum9mJQPeIplp6,https://aucview.aucfan.com/yahoo/n1225839857/,リサーチ結果/D型_20260428_075509/images/thumb_8b5a1b502628.jpg,"['リサーチ結果/D型_20260428_075509/images/detail_1a4f8d71_0_142cfc52d638.jpg', 'リサーチ結果/D型_20260428_075509/images/detail_1a4f8d71_1_4b635401d515.jpg', 'リサーチ結果/D型_20260428_075509/images/detail_1a4f8d71_2_17d869a97678.jpg', 'リサーチ結果/D型_20260428_075509/images/detail_1a4f8d71_3_76cf76a4ee16.jpg', 'リサーチ結果/D型_20260428_075509/images/detail_1a4f8d71_4_21168df4e5e4.jpg']",a7a663e02cf9d829,False,,True,https://auctions.afimg.jp/n1225839857/ya/thumbnail/n1225839857.jpg,,False,,False,,False
6d92bf33-d063-474c-9b87-ea03185f7587,D.B7.BF,waiting,30ee0a0a-249b-4990-9899-4021c97aa648,3,海外製　電動ガン　ヘリカルベベルギア＆ピニオンギアセットＤ型セット　新品　送料無料,海外製　電動ガン　ヘリカルベベルギア＆ピニオンギアセットＤ型セット　新品　送料無料,2480,2480,2480,9A-0OmHUDbQEVIGAvjHya8b2N5QHBHXM,https://aucview.aucfan.com/yahoo/e1225140672/,リサーチ結果/D型_20260428_075509/images/thumb_e16d93a72153.jpg,"['リサーチ結果/D型_20260428_075509/images/detail_6d92bf33_0_cd8ece7361b7.jpg', 'リサーチ結果/D型_20260428_075509/images/detail_6d92bf33_1_87f013380f8d.jpg', 'リサーチ結果/D型_20260428_075509/images/detail_6d92bf33_2_4cc2958e3569.jpg', 'リサーチ結果/D型_20260428_075509/images/detail_6d92bf33_3_74d367f4d5d2.jpg', 'リサーチ結果/D型_20260428_075509/images/detail_6d92bf33_4_156d5ce67a6e.jpg']",f380ccd3336ccc93,False,,True,https://auctions.afimg.jp/e1225140672/ya/thumbnail/e1225140672.jpg,,False,,False,,False
2db83668-5812-41c2-811c-ec9ec34215e8,D.B7.BF,waiting,2db83668-5812-41c2-811c-ec9ec34215e8,2,汎用 ウェザーストリップ D型 10m ドアモール ドアガード モール ゴムモール 車 車用 静,汎用 ウェザーストリップ D型 10m ドアモール ドアガード モール ゴムモール 車 車用 静音 断熱 高気密 エアロ 隙間 　大 防音,2480,2480,2480,_f-FT68NPcpMzLydpPMrrNOs3x5kNcvt,https://aucview.aucfan.com/yahoo/f1151273115/,リサーチ結果/D型_20260428_075509/images/thumb_fa53e0bdc996.jpg,"['リサーチ結果/D型_20260428_075509/images/detail_2db83668_0_bde26e4afa86.jpg', 'リサーチ結果/D型_20260428_075509/images/detail_2db83668_1_0fb1ea18bd76.jpg', 'リサーチ結果/D型_20260428_075509/images/detail_2db83668_2_6371332ff073.jpg', 'リサーチ結果/D型_20260428_075509/images/detail_2db83668_3_b19b68dcdacf.jpg', 'リサーチ結果/D型_20260428_075509/images/detail_2db83668_4_ab00c64eda35.jpg']",aafc8992a56b9689,False,,True,https://auctions.afimg.jp/f1151273115/ya/thumbnail/f1151273115.jpg,,False,,False,,False
12f01d17-7687-4d21-862a-78e4c6479a3b,D.B7.BF,waiting,2db83668-5812-41c2-811c-ec9ec34215e8,2,汎用 ウェザーストリップ D型 10m ドアモール ドアガード モール ゴムモール 車 車用 静,汎用 ウェザーストリップ D型 10m ドアモール ドアガード モール ゴムモール 車 車用 静音 断熱 高気密 エアロ 隙間 　大 パーツ,2480,120,120,_f-FT68NPcpMzLydpPMrrNOs3x5kNcvt,https://aucview.aucfan.com/yahoo/c1151262618/,リサーチ結果/D型_20260428_075509/images/thumb_2415a2774c82.jpg,"['リサーチ結果/D型_20260428_075509/images/detail_12f01d17_0_d37020766691.jpg', 'リサーチ結果/D型_20260428_075509/images/detail_12f01d17_1_7a09c2da1ee2.jpg', 'リサーチ結果/D型_20260428_075509/images/detail_12f01d17_2_8e76fd077a7f.jpg', 'リサーチ結果/D型_20260428_075509/images/detail_12f01d17_3_4b58ec10338f.jpg', 'リサーチ結果/D型_20260428_075509/images/detail_12f01d17_4_360731723511.jpg']",aafc8992a56b9689,False,,True,https://auctions.afimg.jp/c1151262618/ya/thumbnail/c1151262618.jpg,,False,,False,,False
884d5fde-1cd8-47a5-beef-897fd0d41cbd,D.B7.BF,waiting,884d5fde-1cd8-47a5-beef-897fd0d41cbd,1,値下げ アットアクア ステンレス製D型洗桶30cm M5-MGKPJ02471,値下げ アットアクア ステンレス製D型洗桶30cm M5-MGKPJ02471,2446,2446,2446,5m-yVDs6xjEbUI*qp0t154wctjd3cxxZ,https://aucview.aucfan.com/yahoo/x1222260464/,リサーチ結果/D型_20260428_075509/images/thumb_e295cb5a9a6c.jpg,"['リサーチ結果/D型_20260428_075509/images/detail_884d5fde_0_95d89752b347.jpg', 'リサーチ結果/D型_20260428_075509/images/detail_884d5fde_1_8c06344773e9.jpg', 'リサーチ結果/D型_20260428_075509/images/detail_884d5fde_2_4678e7f46075.jpg', 'リサーチ結果/D型_20260428_075509/images/detail_884d5fde_3_7053334f9ef7.jpg', 'リサーチ結果/D型_20260428_075509/images/detail_884d5fde_4_a54c2a80821a.jpg']",a4748fc327783c69,False,,True,https://auctions.afimg.jp/x1222260464/ya/thumbnail/x1222260464.jpg,,False,,False,,False
a75c3310-3470-4ab3-9692-24e6cd1b1255,D.B7.BF,waiting,a75c3310-3470-4ab3-9692-24e6cd1b1255,1,【X48】新品 kanko D型 長袖シャツ ミスティグリーン JP38163 S 胸囲 86 身長160 ポリエ,,2424,0,2424,jF-TQPMLwgw1q1kI93PGVJ9l9ZantrXJ,https://aucview.aucfan.com/yahoo/t1219100688/,リサーチ結果/D型_20260428_075509/images/thumb_899e7f3c9b5f.jpg,[],917b3ec41f9019e9,False,,False,https://auctions.afimg.jp/t1219100688/ya/thumbnail/t1219100688.jpg,,,,,,
2b43d232-6f79-469f-a70d-a3d505c21dbe,D.B7.BF,waiting,2b43d232-6f79-469f-a70d-a3d505c21dbe,2,機動戦士ガンダム HG 1/144 ジェガンD型(迷彩仕様) プレミアムバンダイ,,2420,0,2420,Ps-J7icvejTw_iQyrxzum9mJQPeIplp6,https://aucview.aucfan.com/yahoo/n1224068287/,リサーチ結果/D型_20260428_075509/images/thumb_d2e41ab07d0c.jpg,[],a7a563b22e4dd829,False,,False,https://auctions.afimg.jp/n1224068287/ya/thumbnail/n1224068287.jpg,,,,,,
e36f4ac0-634b-45ac-9963-73a875d95fc1,D.B7.BF,waiting,2b43d232-6f79-469f-a70d-a3d505c21dbe,2,機動戦士ガンダム HG 1/144 ジェガンD型(迷彩仕様) プレミアムバンダイ,,2420,0,2420,Ps-J7icvejTw_iQyrxzum9mJQPeIplp6,https://aucview.aucfan.com/yahoo/j1225832587/,リサーチ結果/D型_20260428_075509/images/thumb_9863b0cd0fa1.jpg,[],a7a563b22e4dd829,False,,False,https://auctions.afimg.jp/j1225832587/ya/thumbnail/j1225832587.jpg,,,,,,
9f9b9ca6-16ce-49b5-9b9d-5922f7e20193,D.B7.BF,waiting,9f9b9ca6-16ce-49b5-9b9d-5922f7e20193,1,機動戦士ガンダム HG 1/144 ジェガンD型(護衛隊仕様) プレミアムバンダイ,,2400,0,2400,Ps-J7icvejTw_iQyrxzum9mJQPeIplp6,https://aucview.aucfan.com/yahoo/d1225832138/,リサーチ結果/D型_20260428_075509/images/thumb_e4f48677ca41.jpg,[],aba231e42ea7d81d,False,,False,https://auctions.afimg.jp/d1225832138/ya/thumbnail/d1225832138.jpg,,,,,,
6d7dde9c-8375-41bd-b048-677e7a9d90a9,D.B7.BF,waiting,6d7dde9c-8375-41bd-b048-677e7a9d90a9,1,新品 社外品 ZZR1100 D型 ZZR1200 エアフィルター エアエレメント 11013-1227（17230-MBV,,2300,0,2300,la-ggVicU9O1qtgZZzi9C6Ooi2duL*RB,https://aucview.aucfan.com/yahoo/j1213720916/,リサーチ結果/D型_20260428_075509/images/thumb_4c6f324898fe.jpg,[],aee584468e7e39a1,False,,False,https://auctions.afimg.jp/j1213720916/ya/thumbnail/j1213720916.jpg,,,,,,
42811059-909b-41be-83ed-e3ab21d1a1ad,D.B7.BF,waiting,42811059-909b-41be-83ed-e3ab21d1a1ad,1,【X44】新品 kanko D型 半袖シャツ ブルー 青 紺 JP48163 M 胸囲 90 身長165 ポリエステ,,2291,0,2291,jF-TQPMLwgw1q1kI93PGVJ9l9ZantrXJ,https://aucview.aucfan.com/yahoo/k1219025436/,リサーチ結果/D型_20260428_075509/images/thumb_02da744547da.jpg,[],85ed3a9216c14dcf,False,,False,https://auctions.afimg.jp/k1219025436/ya/thumbnail/k1219025436.jpg,,,,,,
ea18601b-874f-4922-a0bd-bc72cc2a0bd8,D.B7.BF,waiting,ea18601b-874f-4922-a0bd-bc72cc2a0bd8,1,TIMESETL グランドフック 荷掛けフック ステンレス製 Dリング 12mm 8個入 D型吊カン トレ,,2280,0,2280,S3-ZV64SKQeHd6Kw1ICpShG1*YkGZLYS,https://aucview.aucfan.com/yahoo/1223521294/,リサーチ結果/D型_20260428_075509/images/thumb_2b85bd427480.jpg,[],fe8116a9aa857e2a,False,,False,https://auctions.afimg.jp/1223521294/ya/thumbnail/1223521294.jpg,,,,,,
bc329251-aae0-416b-8130-933f6a8fe993,D.B7.BF,waiting,bc329251-aae0-416b-8130-933f6a8fe993,1,【未組立/内容物未開封】BANDAI HG 1/144 ガンダム ジェガンD型 迷彩仕様 JEGAN RGM-89D,,2268,0,2268,T6-4YU7bPxnU9digWf873w*GPr1xKbi1,https://aucview.aucfan.com/yahoo/x1223949514/,リサーチ結果/D型_20260428_075509/images/thumb_8d864415e701.jpg,[],af84c2629c6dd1b9,False,,False,https://auctions.afimg.jp/x1223949514/ya/thumbnail/x1223949514.jpg,,,,,,
2cbaeb64-0577-413c-a99b-e43c9f72cb0c,D.B7.BF,waiting,2cbaeb64-0577-413c-a99b-e43c9f72cb0c,1,WRX STi　(VAB) D型、VAB、VAG★ワイパーレスキット★つやありブラック★手順書付き★大,,2200,0,2200,*2-Sww5e18xsvHOtLSMvEbov0rgbeh*7,https://aucview.aucfan.com/yahoo/f1224467488/,リサーチ結果/D型_20260428_075509/images/thumb_1976aea112ee.jpg,[],b7f2607c5178446d,False,,False,https://auctions.afimg.jp/f1224467488/ya/thumbnail/f1224467488.jpg,,,,,,
09377112-b413-415c-9523-72810d5c0c6c,D.B7.BF,waiting,09377112-b413-415c-9523-72810d5c0c6c,1,40323AMA1500 送料290円 ヴァレンティ ジュエルLEDウインカーランプ T20シングル WX3×16,,2200,0,2200,bo-sf5POohJm9_iPMrc3kqQTk9NLUgpp,https://aucview.aucfan.com/yahoo/c1212105152/,リサーチ結果/D型_20260428_075509/images/thumb_3b92b9acd6e9.jpg,[],b0a3435b71dc7326,False,,False,https://auctions.afimg.jp/c1212105152/ya/thumbnail/c1212105152.jpg,,,,,,
8aabac82-6de7-4367-a75a-6f632338309a,D.B7.BF,waiting,8aabac82-6de7-4367-a75a-6f632338309a,1,【1円～】【未開封】1/144 HGUC RGM-89D ジェガンD型(ピコ・アルティドール専用機) 「機,,2200,0,2200,z3-uIedSK5LKVAYiijZNLUh4WDzljve5,https://aucview.aucfan.com/yahoo/w1221980472/,リサーチ結果/D型_20260428_075509/images/thumb_cc3999fe50e5.jpg,[],ebf28685cca8d07c,False,,False,https://auctions.afimg.jp/w1221980472/ya/thumbnail/w1221980472.jpg,,,,,,
f4bee499-8e32-4b58-b212-3e039688c715,D.B7.BF,waiting,f4bee499-8e32-4b58-b212-3e039688c715,1,ステアリングカバー 日産 D型ステアリング用,,2200,0,2200,Mg-zJ_O0Z50U6gd8xhM4H4qr48XJpZjp,https://aucview.aucfan.com/yahoo/t1225330058/,リサーチ結果/D型_20260428_075509/images/thumb_eb98de7b3a67.jpg,[],ee99b9626493934c,False,,False,https://auctions.afimg.jp/t1225330058/ya/thumbnail/t1225330058.jpg,,,,,,
998e8933-ea58-4d50-87c0-87cca02198c9,D.B7.BF,candidate,998e8933-ea58-4d50-87c0-87cca02198c9,81,HG RGM-89D ジェガンD型（護衛隊仕様） （1/144スケール プレミアムバンダイ限定 機動戦,,2200,0,2200,TV-FzGaBiqF6yeRXjLR*6*9ELRO4P5Oe,https://aucview.aucfan.com/yahoo/n1224884174/,リサーチ結果/D型_20260428_075509/images/thumb_4ea323f49986.png,[],e64ccd3330ce6639,False,,False,https://aucfan.com/assets/image/common/noimage/snipee.png,,,,,,
7db1843e-7530-44c3-82ad-8aa6de1ffa4c,D.B7.BF,candidate,998e8933-ea58-4d50-87c0-87cca02198c9,81,機動戦士ガンダム HG 1/144 ジェガンD型(護衛隊仕様) プレミアムバンダイ,,2200,0,2200,Ps-J7icvejTw_iQyrxzum9mJQPeIplp6,https://aucview.aucfan.com/yahoo/p1224065993/,リサーチ結果/D型_20260428_075509/images/thumb_4ea323f49986.png,[],e64ccd3330ce6639,False,,False,https://aucfan.com/assets/image/common/noimage/snipee.png,,,,,,
14520595-0571-4f78-9cf8-b64258f45dcb,D.B7.BF,candidate,998e8933-ea58-4d50-87c0-87cca02198c9,81,CORONA コロナ 石油コンロ sh-d型木目調 未使用品　レトロ,,2200,0,2200,fP-8hNwQgTr6e4*4l7lgya3gmDimPWjR,https://aucview.aucfan.com/yahoo/b1227011520/,リサーチ結果/D型_20260428_075509/images/thumb_4ea323f49986.png,[],e64ccd3330ce6639,False,,False,https://aucfan.com/assets/image/common/noimage/snipee.png,,,,,,
ec0f63b9-666c-4a60-9ffd-4b9423104d4e,D.B7.BF,candidate,998e8933-ea58-4d50-87c0-87cca02198c9,81,ステアリングカバー 日産 D型ステアリング用,,2200,0,2200,Mg-zJ_O0Z50U6gd8xhM4H4qr48XJpZjp,https://aucview.aucfan.com/yahoo/k1219945555/,リサーチ結果/D型_20260428_075509/images/thumb_4ea323f49986.png,[],e64ccd3330ce6639,False,,False,https://aucfan.com/assets/image/common/noimage/snipee.png,,,,,,
4ca0c315-94ff-48ee-8a26-088c895ad88c,D.B7.BF,candidate,998e8933-ea58-4d50-87c0-87cca02198c9,81,WRX STi　TypeS　(VAB) D型、VAB、VAG★ワイパーレスキット★つやありブラック★手順書付,,2200,0,2200,*2-Sww5e18xsvHOtLSMvEbov0rgbeh*7,https://aucview.aucfan.com/yahoo/d1220225020/,リサーチ結果/D型_20260428_075509/images/thumb_4ea323f49986.png,[],e64ccd3330ce6639,False,,False,https://aucfan.com/assets/image/common/noimage/snipee.png,,,,,,
7e3dbdd7-2a8c-4c0e-ac9b-e8b0f59acf05,D.B7.BF,candidate,998e8933-ea58-4d50-87c0-87cca02198c9,81,汎用 ウェザーストリップ D型 10m ドアモール ドアガード モール ゴムモール 車 車用 静,,2120,0,2120,_f-FT68NPcpMzLydpPMrrNOs3x5kNcvt,https://aucview.aucfan.com/yahoo/j1214900365/,リサーチ結果/D型_20260428_075509/images/thumb_4ea323f49986.png,[],e64ccd3330ce6639,False,,False,https://aucfan.com/assets/image/common/noimage/snipee.png,,,,,,
dd16fb56-1e10-4109-af72-a7a500ece639,D.B7.BF,candidate,998e8933-ea58-4d50-87c0-87cca02198c9,81,汎用 ウェザーストリップ D型 10m ドアモール ドアガード モール ゴムモール 車 車用 静,,2120,0,2120,_f-FT68NPcpMzLydpPMrrNOs3x5kNcvt,https://aucview.aucfan.com/yahoo/p1151268973/,リサーチ結果/D型_20260428_075509/images/thumb_4ea323f49986.png,[],e64ccd3330ce6639,False,,False,https://aucfan.com/assets/image/common/noimage/snipee.png,,,,,,
b3b2187b-7fca-4f7d-b4a4-1f96c5b2fb0c,D.B7.BF,candidate,998e8933-ea58-4d50-87c0-87cca02198c9,81,カワサキ　タンク　ステッカー　２枚　デッドストック　検索　ZZR1100 ZX-11 C型　D型　Z,,2100,0,2100,sT-U90Jvhcp3NfCrpNaCGu5bqN*_5qOr,https://aucview.aucfan.com/yahoo/x1225336111/,リサーチ結果/D型_20260428_075509/images/thumb_4ea323f49986.png,[],e64ccd3330ce6639,False,,False,https://aucfan.com/assets/image/common/noimage/snipee.png,,,,,,
f1550b04-e10e-4c47-83c5-0b1f20d56874,D.B7.BF,candidate,998e8933-ea58-4d50-87c0-87cca02198c9,81,珊瑚模型　ロットピン　D型用,,2100,0,2100,fu-AvdYvW4KymNljODUMeDZDHS1QLgCt,https://aucview.aucfan.com/yahoo/b1224405082/,リサーチ結果/D型_20260428_075509/images/thumb_4ea323f49986.png,[],e64ccd3330ce6639,False,,False,https://aucfan.com/assets/image/common/noimage/snipee.png,,,,,,
0b0031a1-a677-4a3b-bad3-8b27745f796f,D.B7.BF,candidate,998e8933-ea58-4d50-87c0-87cca02198c9,81,半月膳 木製 お盆 トレー トレイ 漆塗り 36cm 漆器 お膳 会席膳 半月盆 D型 かまぼこ型,,2091,0,2091,3U-jW4AFNw*L8onC*GMqmWg7PVK_Vfib,https://aucview.aucfan.com/yahoo/q1217184701/,リサーチ結果/D型_20260428_075509/images/thumb_4ea323f49986.png,[],e64ccd3330ce6639,False,,False,https://aucfan.com/assets/image/common/noimage/snipee.png,,,,,,
c8105504-0af4-46d7-b383-7eadf7cc0e8a,D.B7.BF,candidate,998e8933-ea58-4d50-87c0-87cca02198c9,81,スバル 純正 レヴォーグ VM D型 EPBカバー STI パーキングスイッチカバー【CP2634】(1485,,2079,0,2079,5*-vRGVV3wa*ZIDuwtbCR3FX21uZrQgs,https://aucview.aucfan.com/yahoo/r1211802293/,リサーチ結果/D型_20260428_075509/images/thumb_4ea323f49986.png,[],e64ccd3330ce6639,False,,False,https://aucfan.com/assets/image/common/noimage/snipee.png,,,,,,
b423b4ab-7691-44b2-adb0-4e2c16b6952a,D.B7.BF,candidate,998e8933-ea58-4d50-87c0-87cca02198c9,81,★【未使用】川口技研 HD-45-W ホスクリーン HD型 腰壁用 ～30kg 450mm 物干し 2本入り,,2060,0,2060,jc-5IjBXLFrxuA4iG442bVNmnhg20c7C,https://aucview.aucfan.com/yahoo/1223815384/,リサーチ結果/D型_20260428_075509/images/thumb_4ea323f49986.png,[],e64ccd3330ce6639,False,,False,https://aucfan.com/assets/image/common/noimage/snipee.png,,,,,,
ab657908-c8e8-4b09-8128-24bd6e26d98d,D.B7.BF,candidate,998e8933-ea58-4d50-87c0-87cca02198c9,81,新品未組み立て HGUC 1/144 ジェガンD型 ピコ・アルティドール専用機 機動戦士ガンダムUC,,2000,0,2000,7V-f_dK_BLVOf3HLwuMhJyTzzcjA5PP*,https://aucview.aucfan.com/yahoo/t1224479072/,リサーチ結果/D型_20260428_075509/images/thumb_4ea323f49986.png,[],e64ccd3330ce6639,False,,False,https://aucfan.com/assets/image/common/noimage/snipee.png,,,,,,
cf6b4fdd-2a3c-4bd2-8a75-44a639d4d5df,D.B7.BF,candidate,998e8933-ea58-4d50-87c0-87cca02198c9,81,【HaNa@medaka】＊D型タモ 写真現物＊ めだか　メダカ　選別網 魚　熱帯魚　アクア　エビ,,1901,0,1901,*Q-vJlxOiZfRZ1Pb4wqSIUZxchFpZ*Bq,https://aucview.aucfan.com/yahoo/q1227094205/,リサーチ結果/D型_20260428_075509/images/thumb_4ea323f49986.png,[],e64ccd3330ce6639,False,,False,https://aucfan.com/assets/image/common/noimage/snipee.png,,,,,,
18f0e754-cb58-4561-9223-568c84307667,D.B7.BF,candidate,998e8933-ea58-4d50-87c0-87cca02198c9,81,新品・未使用品 Kyokuto 漏電保護タップ KD-L2115PD型 安心タップ,,1900,0,1900,s6-TL6kekk65yYKyNE1ZV_UyQQ1MfL_D,https://aucview.aucfan.com/yahoo/c1219296223/,リサーチ結果/D型_20260428_075509/images/thumb_4ea323f49986.png,[],e64ccd3330ce6639,False,,False,https://aucfan.com/assets/image/common/noimage/snipee.png,,,,,,
155fbf60-c8c2-4445-96c1-d0d7bbe59b72,D.B7.BF,candidate,998e8933-ea58-4d50-87c0-87cca02198c9,81,岡恒　植木鋏　D型　200mm　3921,,1900,0,1900,aL-xD6lSrCzApoicu_l8erLTXJyZcQtz,https://aucview.aucfan.com/yahoo/b1225569802/,リサーチ結果/D型_20260428_075509/images/thumb_4ea323f49986.png,[],e64ccd3330ce6639,False,,False,https://aucfan.com/assets/image/common/noimage/snipee.png,,,,,,
06c20cce-7ada-4066-a298-7f24b130b176,D.B7.BF,candidate,998e8933-ea58-4d50-87c0-87cca02198c9,81,ウェザーストリップ D型 12ｍ 車用ドアモール 静音 防音 遮音 汎用 管理V2,,1880,0,1880,7D-HPpmMI8NYPqzBlJMfWvSLxxihdyHr,https://aucview.aucfan.com/yahoo/v1219760396/,リサーチ結果/D型_20260428_075509/images/thumb_4ea323f49986.png,[],e64ccd3330ce6639,False,,False,https://aucfan.com/assets/image/common/noimage/snipee.png,,,,,,
86e4ddce-5c77-4b21-8758-c7610d576b36,D.B7.BF,candidate,998e8933-ea58-4d50-87c0-87cca02198c9,81,◆◇MUYI MODEL【R700088】1/700 日本海軍 三式127㎜連装高角砲C/D型◇◆,,1880,0,1880,bj-PJe99ikvnaOWYJX1XGeeKXieunv2T,https://aucview.aucfan.com/yahoo/x1221885041/,リサーチ結果/D型_20260428_075509/images/thumb_4ea323f49986.png,[],e64ccd3330ce6639,False,,False,https://aucfan.com/assets/image/common/noimage/snipee.png,,,,,,
f48e18d1-e5fe-4ded-b141-2d05cd6016ef,D.B7.BF,candidate,998e8933-ea58-4d50-87c0-87cca02198c9,81,BATBERRY親水ミラーフィルム スバル レガシィツーリングワゴン BR9/BRG/BRM D型用 左右セ,,1864,0,1864,*F-k04I1HPlY_MyA37wSbhGgbkM5OoOS,https://aucview.aucfan.com/yahoo/o1225231094/,リサーチ結果/D型_20260428_075509/images/thumb_4ea323f49986.png,[],e64ccd3330ce6639,False,,False,https://aucfan.com/assets/image/common/noimage/snipee.png,,,,,,
b579db35-ff9d-463f-8262-9268cc9fc8c6,D.B7.BF,candidate,998e8933-ea58-4d50-87c0-87cca02198c9,81,電子タバコ vape シーシャ 30000口吸引可能 大容量 パワー調節可能 タバコカプセル対応 p,,1850,0,1850,zo-bleWsJ06mJRmPnZXg5e*NUIy6CRUZ,https://aucview.aucfan.com/yahoo/t1223936620/,リサーチ結果/D型_20260428_075509/images/thumb_4ea323f49986.png,[],e64ccd3330ce6639,False,,False,https://aucfan.com/assets/image/common/noimage/snipee.png,,,,,,
332f69fd-bc08-489e-8d26-596ae171b48d,D.B7.BF,candidate,998e8933-ea58-4d50-87c0-87cca02198c9,81,電子タバコ vape シーシャ 30000口吸引可能 大容量 パワー調節可能 タバコカプセル対応 p,,1850,0,1850,zo-bleWsJ06mJRmPnZXg5e*NUIy6CRUZ,https://aucview.aucfan.com/yahoo/v1223822620/,リサーチ結果/D型_20260428_075509/images/thumb_4ea323f49986.png,[],e64ccd3330ce6639,False,,False,https://aucfan.com/assets/image/common/noimage/snipee.png,,,,,,
ab929761-7df5-4001-af9e-d72ed3c8c176,D.B7.BF,candidate,998e8933-ea58-4d50-87c0-87cca02198c9,81,電子タバコ vape シーシャ 30000口吸引可能 大容量 パワー調節可能 タバコカプセル対応 p,,1850,0,1850,zo-bleWsJ06mJRmPnZXg5e*NUIy6CRUZ,https://aucview.aucfan.com/yahoo/v1225138269/,リサーチ結果/D型_20260428_075509/images/thumb_4ea323f49986.png,[],e64ccd3330ce6639,False,,False,https://aucfan.com/assets/image/common/noimage/snipee.png,,,,,,
dad215a1-cc22-49d4-9ead-e1025878d352,D.B7.BF,candidate,998e8933-ea58-4d50-87c0-87cca02198c9,81,＊(写真現物)D型仕様＊　選別網　めだか　メダカ　熱帯魚　『HaNa@medaka』,,1801,0,1801,*Q-vJlxOiZfRZ1Pb4wqSIUZxchFpZ*Bq,https://aucview.aucfan.com/yahoo/q1225541616/,リサーチ結果/D型_20260428_075509/images/thumb_4ea323f49986.png,[],e64ccd3330ce6639,False,,False,https://aucfan.com/assets/image/common/noimage/snipee.png,,,,,,
89d54e52-970d-482f-a75e-c98d1d679b2b,D.B7.BF,candidate,998e8933-ea58-4d50-87c0-87cca02198c9,81,日産専用 ハンドルカバー ステアリングカバー D型 本革 カーボン調 ブラウン,,1800,0,1800,nM-xvc0GObXtNCtAUpVle*zkqKYwF_fK,https://aucview.aucfan.com/yahoo/w1222433496/,リサーチ結果/D型_20260428_075509/images/thumb_4ea323f49986.png,[],e64ccd3330ce6639,False,,False,https://aucfan.com/assets/image/common/noimage/snipee.png,,,,,,
12994515-56f1-4efe-b6ba-3b7a044a4382,D.B7.BF,candidate,998e8933-ea58-4d50-87c0-87cca02198c9,81,未使用 　アベール(ABER 35021) 1/35 ドイツ 3号突撃砲 B/C/D型用 エッチングセット(イタ,,1755,0,1755,3N-HALK_Z4Oo66qP64m9aKAnzpieQb_,https://aucview.aucfan.com/yahoo/v1216412349/,リサーチ結果/D型_20260428_075509/images/thumb_4ea323f49986.png,[],e64ccd3330ce6639,False,,False,https://aucfan.com/assets/image/common/noimage/snipee.png,,,,,,
7758c081-186c-4888-b36b-7c8b7497e6ec,D.B7.BF,candidate,998e8933-ea58-4d50-87c0-87cca02198c9,81,新品未開封 新ガールズ&パンツァー 1/35 4号戦車D型改 あんこうチームver.,,1750,0,1750,84-m8*TzcFKunZaltQM81uWEKsDPQaV6,https://aucview.aucfan.com/yahoo/j1223389971/,リサーチ結果/D型_20260428_075509/images/thumb_4ea323f49986.png,[],e64ccd3330ce6639,False,,False,https://aucfan.com/assets/image/common/noimage/snipee.png,,,,,,
aa69115b-0b33-4d50-be5c-a709e6c2db82,D.B7.BF,candidate,998e8933-ea58-4d50-87c0-87cca02198c9,81,新品未開封 ガールズ&パンツァー 1/35 4号戦車D型改 F2型仕様 あんこうチームver.,,1750,0,1750,84-m8*TzcFKunZaltQM81uWEKsDPQaV6,https://aucview.aucfan.com/yahoo/c1223388529/,リサーチ結果/D型_20260428_075509/images/thumb_4ea323f49986.png,[],e64ccd3330ce6639,False,,False,https://aucfan.com/assets/image/common/noimage/snipee.png,,,,,,
8f47b66d-29ef-4eef-a6aa-1a76da70d139,D.B7.BF,candidate,998e8933-ea58-4d50-87c0-87cca02198c9,81,32mmパイプ用 ソケット D型ソケット ネジ付き　60個セット　クローゼット 押入れ,,1700,0,1700,tb-q3KWbVFoOLO3vDPHyeVVt5bMiQD4E,https://aucview.aucfan.com/yahoo/v1225455159/,リサーチ結果/D型_20260428_075509/images/thumb_4ea323f49986.png,[],e64ccd3330ce6639,False,,False,https://aucfan.com/assets/image/common/noimage/snipee.png,,,,,,
a39c4b21-8294-4ac9-9c18-d969f04ae124,D.B7.BF,candidate,998e8933-ea58-4d50-87c0-87cca02198c9,81,アダチ　ブレーキシューセット　D型用,,1700,0,1700,fu-AvdYvW4KymNljODUMeDZDHS1QLgCt,https://aucview.aucfan.com/yahoo/j1224414271/,リサーチ結果/D型_20260428_075509/images/thumb_4ea323f49986.png,[],e64ccd3330ce6639,False,,False,https://aucfan.com/assets/image/common/noimage/snipee.png,,,,,,
46293958-208e-491d-8ab6-5b84347a36e5,D.B7.BF,candidate,998e8933-ea58-4d50-87c0-87cca02198c9,81,カワサキ ZZR1100 ZX-11 D型 ZXT10D フューエルコック パッキン オーバーホール ガソリン,,1690,0,1690,Me-9kJVgpzwkxksKcSx7kA946d6a92iJ,https://aucview.aucfan.com/yahoo/l1216266760/,リサーチ結果/D型_20260428_075509/images/thumb_4ea323f49986.png,[],e64ccd3330ce6639,False,,False,https://aucfan.com/assets/image/common/noimage/snipee.png,,,,,,
4b3630d3-09aa-41fc-8b16-74921a2e4123,D.B7.BF,candidate,998e8933-ea58-4d50-87c0-87cca02198c9,81,グランドフック 荷掛けフック ステンレス製 Dリング 12mm 8個セット D型 吊カン トレーラ,,1680,0,1680,7D-HPpmMI8NYPqzBlJMfWvSLxxihdyHr,https://aucview.aucfan.com/yahoo/c1224965418/,リサーチ結果/D型_20260428_075509/images/thumb_4ea323f49986.png,[],e64ccd3330ce6639,False,,False,https://aucfan.com/assets/image/common/noimage/snipee.png,,,,,,
d6ee01ed-c848-4f9e-b9a7-cc82a94f0273,D.B7.BF,candidate,998e8933-ea58-4d50-87c0-87cca02198c9,81,作業用ヘルメット 安全帽 D型 白 丸形 防災ヘルメット 地震対策 プッシュボタン式 サイズ,,1628,0,1628,k*-7Ic9LEv0ISPsFLcIBXGODaXU*60p,https://aucview.aucfan.com/yahoo/m1226751433/,リサーチ結果/D型_20260428_075509/images/thumb_4ea323f49986.png,[],e64ccd3330ce6639,False,,False,https://aucfan.com/assets/image/common/noimage/snipee.png,,,,,,
2381cad6-71b8-4236-8d5a-2aabd13d06ed,D.B7.BF,candidate,998e8933-ea58-4d50-87c0-87cca02198c9,81,作業用ヘルメット 安全帽 D型 白 丸形 防災ヘルメット 地震対策 プッシュボタン式 サイズ,,1628,0,1628,k*-7Ic9LEv0ISPsFLcIBXGODaXU*60p,https://aucview.aucfan.com/yahoo/o1224936326/,リサーチ結果/D型_20260428_075509/images/thumb_4ea323f49986.png,[],e64ccd3330ce6639,False,,False,https://aucfan.com/assets/image/common/noimage/snipee.png,,,,,,
96da8e86-ae6c-48ae-9a24-584d0a9c0312,D.B7.BF,candidate,998e8933-ea58-4d50-87c0-87cca02198c9,81,【vaps_6】エヌティー カッター 替刃 デザインナイフ D型用 100枚入 刃厚0.38mm BD-2000,,1579,0,1579,XT-cPQ0PcuwHBK3sViGB28eWDwHTxaoC,https://aucview.aucfan.com/yahoo/l1227584628/,リサーチ結果/D型_20260428_075509/images/thumb_4ea323f49986.png,[],e64ccd3330ce6639,False,,False,https://aucfan.com/assets/image/common/noimage/snipee.png,,,,,,
41822721-d4ae-44a3-aa0b-e8f3fef4aa28,D.B7.BF,candidate,998e8933-ea58-4d50-87c0-87cca02198c9,81,新品 自転車 前かご D型 メッシュ フロントバスケット プレート入 ママチャリ 軽快車 チ,,1573,0,1573,zk-u83BzVBrqyMISvEUqmTTAJuT56YmS,https://aucview.aucfan.com/yahoo/b1188552390/,リサーチ結果/D型_20260428_075509/images/thumb_4ea323f49986.png,[],e64ccd3330ce6639,False,,False,https://aucfan.com/assets/image/common/noimage/snipee.png,,,,,,
139b0c1e-c760-408a-8f0e-982bb12878bb,D.B7.BF,candidate,998e8933-ea58-4d50-87c0-87cca02198c9,81,HINODE 1/144 レジンキット 未塗装 WWⅡ ドイツ軍 パンターD型 中戦車 ワールドタンクミ,,1500,0,1500,HL-MpuvF3mtTIk8BIzNcAPu1WeF82URW,https://aucview.aucfan.com/yahoo/g1227082976/,リサーチ結果/D型_20260428_075509/images/thumb_4ea323f49986.png,[],e64ccd3330ce6639,False,,False,https://aucfan.com/assets/image/common/noimage/snipee.png,,,,,,
49c2027f-6263-4e16-95c6-96013d1cb4f6,D.B7.BF,candidate,998e8933-ea58-4d50-87c0-87cca02198c9,81,メルセデスベンツ専用 ハンドルカバー ステアリングカバー D型 本革 ◆超特上即納◆ カー,,1500,0,1500,7W-n9U0bN7BcjgWq78R2LNQ3hFpUrwdN,https://aucview.aucfan.com/yahoo/t1222706177/,リサーチ結果/D型_20260428_075509/images/thumb_4ea323f49986.png,[],e64ccd3330ce6639,False,,False,https://aucfan.com/assets/image/common/noimage/snipee.png,,,,,,
581de6c1-6a3b-4f3b-a059-455103b2455a,D.B7.BF,candidate,998e8933-ea58-4d50-87c0-87cca02198c9,81,日産専用 ハンドルカバー ステアリングカバー D型 本革 カーボン調 ◆超特上即納◆ 黒,,1500,0,1500,7W-n9U0bN7BcjgWq78R2LNQ3hFpUrwdN,https://aucview.aucfan.com/yahoo/o1222976987/,リサーチ結果/D型_20260428_075509/images/thumb_4ea323f49986.png,[],e64ccd3330ce6639,False,,False,https://aucfan.com/assets/image/common/noimage/snipee.png,,,,,,
123b633e-4217-4f22-bcfd-d80dab4b8afe,D.B7.BF,candidate,998e8933-ea58-4d50-87c0-87cca02198c9,81,日産専用 ハンドルカバー ステアリングカバー D型 本革 カーボン調 ◆超特上即納◆ 黒,,1500,0,1500,7W-n9U0bN7BcjgWq78R2LNQ3hFpUrwdN,https://aucview.aucfan.com/yahoo/m1224006100/,リサーチ結果/D型_20260428_075509/images/thumb_4ea323f49986.png,[],e64ccd3330ce6639,False,,False,https://aucfan.com/assets/image/common/noimage/snipee.png,,,,,,
5e7ddd00-af1e-45d4-becb-811b49f6e89d,D.B7.BF,candidate,998e8933-ea58-4d50-87c0-87cca02198c9,81,キャンバーボルト 14mm 2本 GDA GDB A～D型 GDB E型～ インプレッサ リア キャンバー調整,,1437,0,1437,I2-xnWBtz37ip7JalZRlnGi6P0BISPKP,https://aucview.aucfan.com/yahoo/r1226666261/,リサーチ結果/D型_20260428_075509/images/thumb_4ea323f49986.png,[],e64ccd3330ce6639,False,,False,https://aucfan.com/assets/image/common/noimage/snipee.png,,,,,,
06ae638b-51e3-4da1-8546-c6c942b8bf95,D.B7.BF,candidate,998e8933-ea58-4d50-87c0-87cca02198c9,81,◆◇ヘビーホビー【NW-700062】1/700 日本海軍 八九式12.7mm連装高角砲C/D型(3個入り) ◇,,1430,0,1430,bj-PJe99ikvnaOWYJX1XGeeKXieunv2T,https://aucview.aucfan.com/yahoo/t1222878274/,リサーチ結果/D型_20260428_075509/images/thumb_4ea323f49986.png,[],e64ccd3330ce6639,False,,False,https://aucfan.com/assets/image/common/noimage/snipee.png,,,,,,
a39a0141-d3bf-4df4-b5b7-ce5446726541,D.B7.BF,candidate,998e8933-ea58-4d50-87c0-87cca02198c9,81,◆◇ヘビーホビー【NW-700062】1/700 日本海軍 八九式12.7mm連装高角砲C/D型(3個入り) ◇,,1430,0,1430,bj-PJe99ikvnaOWYJX1XGeeKXieunv2T,https://aucview.aucfan.com/yahoo/m1222883412/,リサーチ結果/D型_20260428_075509/images/thumb_4ea323f49986.png,[],e64ccd3330ce6639,False,,False,https://aucfan.com/assets/image/common/noimage/snipee.png,,,,,,
8cdf25a8-931f-4ab3-9cc9-d44583318034,D.B7.BF,candidate,998e8933-ea58-4d50-87c0-87cca02198c9,81,★H-D型　MR-9　電池アダプター3個　即決送料込1420円★rn,,1420,0,1420,kD-TrZG1HQICvUIGcsVis7Ojp1ito8iS,https://aucview.aucfan.com/yahoo/s1147523695/,リサーチ結果/D型_20260428_075509/images/thumb_4ea323f49986.png,[],e64ccd3330ce6639,False,,False,https://aucfan.com/assets/image/common/noimage/snipee.png,,,,,,
c7e0622c-d9b4-4882-96d6-4d2cac1e640e,D.B7.BF,candidate,998e8933-ea58-4d50-87c0-87cca02198c9,81,★H-D型　MR-9　電池アダプター3個　即決送料込1420円★aa,,1420,0,1420,kD-TrZG1HQICvUIGcsVis7Ojp1ito8iS,https://aucview.aucfan.com/yahoo/g1113701519/,リサーチ結果/D型_20260428_075509/images/thumb_4ea323f49986.png,[],e64ccd3330ce6639,False,,False,https://aucfan.com/assets/image/common/noimage/snipee.png,,,,,,
9a510717-dec2-410f-aecb-fd7791a80bea,D.B7.BF,candidate,998e8933-ea58-4d50-87c0-87cca02198c9,81,車用 ドアモール D型 ゴム 大型 14×12ｍｍ 長さ 5ｍ ウェザーストリップ 風切り音 防音,,1400,0,1400,gW-UlMDECdPezej_jnzvKOYpTfuCqpFs,https://aucview.aucfan.com/yahoo/t1224742657/,リサーチ結果/D型_20260428_075509/images/thumb_4ea323f49986.png,[],e64ccd3330ce6639,False,,False,https://aucfan.com/assets/image/common/noimage/snipee.png,,,,,,
8eb44a06-eb91-4e40-b2f3-ad5cf15cfa75,D.B7.BF,candidate,998e8933-ea58-4d50-87c0-87cca02198c9,81,j075・シャックル D型バックル キーホルダー チェーン 金具 5個 真鍮,,1380,0,1380,8Z-ABENYCL6MDK82tDXrOtUEj0TBv4NV,https://aucview.aucfan.com/yahoo/o1223017867/,リサーチ結果/D型_20260428_075509/images/thumb_4ea323f49986.png,[],e64ccd3330ce6639,False,,False,https://aucfan.com/assets/image/common/noimage/snipee.png,,,,,,
889da1d0-fb61-4170-b84c-aa52a54ddefa,D.B7.BF,waiting,889da1d0-fb61-4170-b84c-aa52a54ddefa,3,カワサキ純正　ブランクキー　ZZR1100D型等に　27008-0621 新品未使用,,1364,0,1364,vR-ZksTXHSy6wEcPd2u85yEm*Ii0FAP_,https://aucview.aucfan.com/yahoo/u1224047251/,リサーチ結果/D型_20260428_075509/images/thumb_0809492b8a0c.jpg,[],f847c730266dc996,False,,False,https://auctions.afimg.jp/u1224047251/ya/thumbnail/u1224047251.jpg,,,,,,
6543a871-83dc-4af3-bd3d-11b5ac5c0a7e,D.B7.BF,waiting,889da1d0-fb61-4170-b84c-aa52a54ddefa,3,カワサキ純正　ブランクキー　ZZR1100D型等に　27008-0621 新品未使用,,1364,0,1364,vR-ZksTXHSy6wEcPd2u85yEm*Ii0FAP_,https://aucview.aucfan.com/yahoo/n1221772364/,リサーチ結果/D型_20260428_075509/images/thumb_5d0ea658ccec.jpg,[],f847c730266dc996,False,,False,https://auctions.afimg.jp/n1221772364/ya/thumbnail/n1221772364.jpg,,,,,,
4a93ff00-0086-491c-8a3c-1b51475d77d0,D.B7.BF,waiting,889da1d0-fb61-4170-b84c-aa52a54ddefa,3,カワサキ純正　ブランクキー　ZZR1100D型等に　27008-0621 新品未使用,,1364,0,1364,vR-ZksTXHSy6wEcPd2u85yEm*Ii0FAP_,https://aucview.aucfan.com/yahoo/1224531806/,リサーチ結果/D型_20260428_075509/images/thumb_a94cc05f23fa.jpg,[],f847c730266dc996,False,,False,https://auctions.afimg.jp/1224531806/ya/thumbnail/1224531806.jpg,,,,,,
66c549dd-19d8-486a-b4fe-b18bd426ca3c,D.B7.BF,waiting,66c549dd-19d8-486a-b4fe-b18bd426ca3c,1,【未組立プラモデル】TAMIYA タミヤ 1/35 ハノマーク D型 グランドスツーカ ロケットラン,,1350,0,1350,o2-TpV2jXZr7AtahJRFJuYpOP_3AH0ra,https://aucview.aucfan.com/yahoo/m1227082265/,リサーチ結果/D型_20260428_075509/images/thumb_317cec8bd7c2.jpg,[],f6e0814bf9b49d41,False,,False,https://auctions.afimg.jp/m1227082265/ya/thumbnail/m1227082265.jpg,,,,,,
01299b64-0948-4fff-9ccc-a8ea802320d9,D.B7.BF,candidate,998e8933-ea58-4d50-87c0-87cca02198c9,81,HINODE 1/144 レジンキット 未塗装 WW2 ドイツ軍　3号　III号戦車D型　中戦車 ワールドタ,,1300,0,1300,HL-MpuvF3mtTIk8BIzNcAPu1WeF82URW,https://aucview.aucfan.com/yahoo/u1223645633/,リサーチ結果/D型_20260428_075509/images/thumb_4ea323f49986.png,[],e64ccd3330ce6639,False,,False,https://aucfan.com/assets/image/common/noimage/snipee.png,,,,,,
45bb5e90-ad7a-444d-ab67-c262b71d9833,D.B7.BF,candidate,998e8933-ea58-4d50-87c0-87cca02198c9,81,5m D型静音モール　車用ドアモール ウェザーストリップ 風切り音遮断,,1300,0,1300,Sv-uS66tmWX7w2nJplyTDNFNMAGOpZwB,https://aucview.aucfan.com/yahoo/j1185172003/,リサーチ結果/D型_20260428_075509/images/thumb_4ea323f49986.png,[],e64ccd3330ce6639,False,,False,https://aucfan.com/assets/image/common/noimage/snipee.png,,,,,,
bbf60041-c46c-46ef-bd3f-185f841c1a5d,D.B7.BF,candidate,998e8933-ea58-4d50-87c0-87cca02198c9,81,MG ジェガン D型 用 水転写式デカール 送料無料　（ バンダイ製 正規品 ガンダムデカール,,1290,0,1290,lN-VkCfLNhz_76R9Rt3ZMuBAfYY7D1Gv,https://aucview.aucfan.com/yahoo/b1203959777/,リサーチ結果/D型_20260428_075509/images/thumb_4ea323f49986.png,[],e64ccd3330ce6639,False,,False,https://aucfan.com/assets/image/common/noimage/snipee.png,,,,,,
6e814906-c1ef-4011-9726-9f4c21b3d07e,D.B7.BF,candidate,998e8933-ea58-4d50-87c0-87cca02198c9,81,k021・シャックル D型バックル キーホルダー チェーン 金具 5個 真鍮,,1280,0,1280,8Z-ABENYCL6MDK82tDXrOtUEj0TBv4NV,https://aucview.aucfan.com/yahoo/x1223014418/,リサーチ結果/D型_20260428_075509/images/thumb_4ea323f49986.png,[],e64ccd3330ce6639,False,,False,https://aucfan.com/assets/image/common/noimage/snipee.png,,,,,,
32151c54-162e-4d03-878c-7e7d2458a31a,D.B7.BF,candidate,998e8933-ea58-4d50-87c0-87cca02198c9,81,未開封 ドラゴン 1/144 パンツァーコープ 38t戦車 IV号戦車D型 2種セット 組み立てキット,,1280,0,1280,xq-kcN3OA6ERONfn4XUugOmSlS7iYEXc,https://aucview.aucfan.com/yahoo/m1171583963/,リサーチ結果/D型_20260428_075509/images/thumb_4ea323f49986.png,[],e64ccd3330ce6639,False,,False,https://aucfan.com/assets/image/common/noimage/snipee.png,,,,,,
e732bfba-141c-4f1f-8ac2-746e53ad57f8,D.B7.BF,candidate,998e8933-ea58-4d50-87c0-87cca02198c9,81,送料無料 ブラス 真鍮 生地 無垢 シャックル ５個 ヨロッパ式 D型バックル キーホルダー,,1210,0,1210,GY-pdql6XASzQXr93h4boc04PSqcavNB,https://aucview.aucfan.com/yahoo/k1220805925/,リサーチ結果/D型_20260428_075509/images/thumb_4ea323f49986.png,[],e64ccd3330ce6639,False,,False,https://aucfan.com/assets/image/common/noimage/snipee.png,,,,,,
9a50084c-f64a-4420-b6fc-1ec5e4cad690,D.B7.BF,candidate,998e8933-ea58-4d50-87c0-87cca02198c9,81,送料無料 ブラス 真鍮 生地 無垢 シャックル ５個 ヨロッパ式 D型バックル キーホルダー,,1210,0,1210,5m-zRDz1YNdTvJJ7mMNn6FXAtRZYRSNk,https://aucview.aucfan.com/yahoo/n1116200264/,リサーチ結果/D型_20260428_075509/images/thumb_4ea323f49986.png,[],e64ccd3330ce6639,False,,False,https://aucfan.com/assets/image/common/noimage/snipee.png,,,,,,
298a76b0-5a8f-44d1-a50d-55cacf85a7ed,D.B7.BF,candidate,998e8933-ea58-4d50-87c0-87cca02198c9,81,◇Z900RS/カフェ/ZR900C Z1000 B型/D型/H型 NINJA1000/ZXT00W VERSYS1000/ヴェルシス1000,,1205,0,1205,c_-9k81Is5Y2arkBkHUlCA9acFKd573K,https://aucview.aucfan.com/yahoo/h1191115943/,リサーチ結果/D型_20260428_075509/images/thumb_4ea323f49986.png,[],e64ccd3330ce6639,False,,False,https://aucfan.com/assets/image/common/noimage/snipee.png,,,,,,
597c7de0-8db8-49e0-aaa9-6a3f4d417e40,D.B7.BF,candidate,998e8933-ea58-4d50-87c0-87cca02198c9,81,未組立て　プラモデル　1/35　タミヤ　ドイツ戦車 パンサーD型 連結式履帯セット　TAMIYA,,1200,0,1200,cS-af6UZSS38aBIwUbHaJEGAhtIlFlh1,https://aucview.aucfan.com/yahoo/o1219708990/,リサーチ結果/D型_20260428_075509/images/thumb_4ea323f49986.png,[],e64ccd3330ce6639,False,,False,https://aucfan.com/assets/image/common/noimage/snipee.png,,,,,,
34cc9f1e-5fc6-4b7d-8a97-bd6b0b38a02d,D.B7.BF,candidate,998e8933-ea58-4d50-87c0-87cca02198c9,81,汎用 バッテリーステー CNCアルミ削り出し ブラック 短側面記号 D型用 173mm ブラケット,,1200,0,1200,RN-WxfEyIbhNB9bFogVgVpv6*QRbS0l9,https://aucview.aucfan.com/yahoo/p1218276096/,リサーチ結果/D型_20260428_075509/images/thumb_4ea323f49986.png,[],e64ccd3330ce6639,False,,False,https://aucfan.com/assets/image/common/noimage/snipee.png,,,,,,
0393e516-998a-4672-ba16-1260fa783083,D.B7.BF,candidate,998e8933-ea58-4d50-87c0-87cca02198c9,81,ドアモール D型 大型 14x12mm 5m ウェザーストリップ 風切り音 防音 静音 EPDM ゴム 両面,,1180,0,1180,7D-HPpmMI8NYPqzBlJMfWvSLxxihdyHr,https://aucview.aucfan.com/yahoo/j1224618205/,リサーチ結果/D型_20260428_075509/images/thumb_4ea323f49986.png,[],e64ccd3330ce6639,False,,False,https://aucfan.com/assets/image/common/noimage/snipee.png,,,,,,
4f2e9c7d-cc96-43ac-9306-a5a2a2bd4009,D.B7.BF,candidate,998e8933-ea58-4d50-87c0-87cca02198c9,81,汎用 アルミ バッテリーステー 短側面記号 D型 173mm アルマイトカラー ダークシルバー S,,1180,0,1180,pn-eBU8IsEQ5uAQGWokDl9ZvORwUNb3J,https://aucview.aucfan.com/yahoo/c1198747655/,リサーチ結果/D型_20260428_075509/images/thumb_4ea323f49986.png,[],e64ccd3330ce6639,False,,False,https://aucfan.com/assets/image/common/noimage/snipee.png,,,,,,
70305325-d543-48b2-bff0-7f427d8d89fd,D.B7.BF,candidate,998e8933-ea58-4d50-87c0-87cca02198c9,81,ドアモール D型 大型 14x12mm 5m ウェザーストリップ 風切り音 防音 静音 EPDM ゴム 両面,,1180,0,1180,7D-HPpmMI8NYPqzBlJMfWvSLxxihdyHr,https://aucview.aucfan.com/yahoo/v1225294299/,リサーチ結果/D型_20260428_075509/images/thumb_4ea323f49986.png,[],e64ccd3330ce6639,False,,False,https://aucfan.com/assets/image/common/noimage/snipee.png,,,,,,
4c63fd68-5ead-4b70-9b91-bec5bef94a12,D.B7.BF,candidate,998e8933-ea58-4d50-87c0-87cca02198c9,81,ドアモール D型 大型 14x12mm 5m ウェザーストリップ 風切り音 防音 静音 EPDM ゴム 両面,,1180,0,1180,7D-HPpmMI8NYPqzBlJMfWvSLxxihdyHr,https://aucview.aucfan.com/yahoo/n1219901120/,リサーチ結果/D型_20260428_075509/images/thumb_4ea323f49986.png,[],e64ccd3330ce6639,False,,False,https://aucfan.com/assets/image/common/noimage/snipee.png,,,,,,
f2bde91a-d51e-4e65-9d44-a671f71df799,D.B7.BF,candidate,998e8933-ea58-4d50-87c0-87cca02198c9,81,ドアモール D型 大型 14x12mm 5m ウェザーストリップ 風切り音 防音 静音 EPDM ゴム 両面,,1180,0,1180,7D-HPpmMI8NYPqzBlJMfWvSLxxihdyHr,https://aucview.aucfan.com/yahoo/t1225492350/,リサーチ結果/D型_20260428_075509/images/thumb_4ea323f49986.png,[],e64ccd3330ce6639,False,,False,https://aucfan.com/assets/image/common/noimage/snipee.png,,,,,,
61c152fe-55c9-4741-a2ef-dd8d36859020,D.B7.BF,candidate,998e8933-ea58-4d50-87c0-87cca02198c9,81,ドアモール D型 大型 14x12mm 5m ウェザーストリップ 風切り音 防音 静音 EPDM ゴム 両面,,1180,0,1180,7D-HPpmMI8NYPqzBlJMfWvSLxxihdyHr,https://aucview.aucfan.com/yahoo/d1224800924/,リサーチ結果/D型_20260428_075509/images/thumb_4ea323f49986.png,[],e64ccd3330ce6639,False,,False,https://aucfan.com/assets/image/common/noimage/snipee.png,,,,,,
44366da0-b327-4aaf-9ca4-43ca8233b00f,D.B7.BF,candidate,998e8933-ea58-4d50-87c0-87cca02198c9,81,サンゴ SANGO D型用イコライザー,,1150,0,1150,A9-Hrz1XKvGDjAA7htMw2NzcIKSKtv9q,https://aucview.aucfan.com/yahoo/l1224068793/,リサーチ結果/D型_20260428_075509/images/thumb_4ea323f49986.png,[],e64ccd3330ce6639,False,,False,https://aucfan.com/assets/image/common/noimage/snipee.png,,,,,,
1aaa77d2-5ecb-4999-a2f3-3ce5931ec270,D.B7.BF,candidate,998e8933-ea58-4d50-87c0-87cca02198c9,81,32mmパイプ用 ソケット D型ソケット ネジ付き　58個セット　クローゼット 押入れ,,1100,0,1100,tb-q3KWbVFoOLO3vDPHyeVVt5bMiQD4E,https://aucview.aucfan.com/yahoo/f1225579503/,リサーチ結果/D型_20260428_075509/images/thumb_4ea323f49986.png,[],e64ccd3330ce6639,False,,False,https://aucfan.com/assets/image/common/noimage/snipee.png,,,,,,
0726fc76-f50f-409b-934e-51faa590ac7a,D.B7.BF,candidate,998e8933-ea58-4d50-87c0-87cca02198c9,81,【鹿島臨海鉄道】D型/2024大洗 商工会感謝祭&あんこう祭開催記念入場券（16日.17日）セッ,,1099,0,1099,dH-WaPvvwyooDkv0at2BLMhFs24XUQy5,https://aucview.aucfan.com/yahoo/m1222889724/,リサーチ結果/D型_20260428_075509/images/thumb_4ea323f49986.png,[],e64ccd3330ce6639,False,,False,https://aucfan.com/assets/image/common/noimage/snipee.png,,,,,,
a667e4fa-948a-4dde-b5b7-497b5c7ae6b9,D.B7.BF,candidate,998e8933-ea58-4d50-87c0-87cca02198c9,81,送料無料 D型まな板 ソフトまな板 カッティングボード 食洗機対応 耐熱 TPU 両面 D型 多,,1090,0,1090,Od-ciWuy5NoMgluEQ__eUUOQEiWNjKHu,https://aucview.aucfan.com/yahoo/e1226695696/,リサーチ結果/D型_20260428_075509/images/thumb_4ea323f49986.png,[],e64ccd3330ce6639,False,,False,https://aucfan.com/assets/image/common/noimage/snipee.png,,,,,,
729fd821-a4c6-4fbc-9db4-e54569bee108,D.B7.BF,candidate,998e8933-ea58-4d50-87c0-87cca02198c9,81,1/144レジンキット　未塗装 WWⅡ ドイツ軍　III号突撃砲　C/D型　ワールドタンクミュージ,,1000,0,1000,AG-5COta9ufNQN*sX*jjtYS2TlKuCt1t,https://aucview.aucfan.com/yahoo/r1054885811/,リサーチ結果/D型_20260428_075509/images/thumb_4ea323f49986.png,[],e64ccd3330ce6639,False,,False,https://aucfan.com/assets/image/common/noimage/snipee.png,,,,,,
7a4f0f58-a1a8-4122-b4dc-9997c9e4d268,D.B7.BF,candidate,998e8933-ea58-4d50-87c0-87cca02198c9,81,MOBILE SUIT ENSEMBLE 19 ジェガン D型 モビルスーツアンサンブル フィギュア ガンダム,,1000,0,1000,HT-SXsv2h06t3Q4vyn7_VvHJH8L2d*BQ,https://aucview.aucfan.com/yahoo/x1142744011/,リサーチ結果/D型_20260428_075509/images/thumb_4ea323f49986.png,[],e64ccd3330ce6639,False,,False,https://aucfan.com/assets/image/common/noimage/snipee.png,,,,,,
c175997b-3f4f-46ac-98e1-a560d1f860f9,D.B7.BF,candidate,998e8933-ea58-4d50-87c0-87cca02198c9,81,【しなの鉄道】D型/「KARUIZAWA T-SITE」開業記念入場券・軽井沢駅・2026.-3.17,,1000,0,1000,dH-WaPvvwyooDkv0at2BLMhFs24XUQy5,https://aucview.aucfan.com/yahoo/t1224493413/,リサーチ結果/D型_20260428_075509/images/thumb_4ea323f49986.png,[],e64ccd3330ce6639,False,,False,https://aucfan.com/assets/image/common/noimage/snipee.png,,,,,,
20680729-cfcb-458c-ae37-926a7fd29ce7,D.B7.BF,candidate,998e8933-ea58-4d50-87c0-87cca02198c9,81,★H-D型　MR-9　電池アダプター2個　即決　送料込1000円★co,,1000,0,1000,kD-TrZG1HQICvUIGcsVis7Ojp1ito8iS,https://aucview.aucfan.com/yahoo/1223096953/,リサーチ結果/D型_20260428_075509/images/thumb_4ea323f49986.png,[],e64ccd3330ce6639,False,,False,https://aucfan.com/assets/image/common/noimage/snipee.png,,,,,,
c2a7d9c1-2d7d-4afc-a606-f8ce87281c88,D.B7.BF,candidate,998e8933-ea58-4d50-87c0-87cca02198c9,81,JR東日本・千葉支社　安房鴨川駅100周年記念　D型硬券　鉄道,,1000,0,1000,EI-SM0B2eJbbmwemUmchVvVQ9jrfq9pN,https://aucview.aucfan.com/yahoo/d1224095305/,リサーチ結果/D型_20260428_075509/images/thumb_4ea323f49986.png,[],e64ccd3330ce6639,False,,False,https://aucfan.com/assets/image/common/noimage/snipee.png,,,,,,
7565136e-8ec0-40d5-b2e0-f1860e7af14d,D.B7.BF,candidate,998e8933-ea58-4d50-87c0-87cca02198c9,81,グムカ ドラゴン パンター戦車A/D型用エッチングパーツセット,,1000,0,1000,OY-PgxPC_fNmA1bFRNjqaVhuNPpFm*wx,https://aucview.aucfan.com/yahoo/p1222504446/,リサーチ結果/D型_20260428_075509/images/thumb_4ea323f49986.png,[],e64ccd3330ce6639,False,,False,https://aucfan.com/assets/image/common/noimage/snipee.png,,,,,,
00eb41b7-d994-45b9-9f81-5bddd52880a1,D.B7.BF,candidate,998e8933-ea58-4d50-87c0-87cca02198c9,81,モスキット1/35 パンターA/D 型用金属排気管排気口が空いて排気口の横棒も再現されていま,,1000,0,1000,OY-PgxPC_fNmA1bFRNjqaVhuNPpFm*wx,https://aucview.aucfan.com/yahoo/f1223616486/,リサーチ結果/D型_20260428_075509/images/thumb_4ea323f49986.png,[],e64ccd3330ce6639,False,,False,https://aucfan.com/assets/image/common/noimage/snipee.png,,,,,,
aafd8aed-73bb-44cb-be8b-98951d7bc5bf,D.B7.BF,candidate,998e8933-ea58-4d50-87c0-87cca02198c9,81,モーションプレート　D型用,,1000,0,1000,4C-rLRSZTtOeeREkj26LeS4RwQerJOvM,https://aucview.aucfan.com/yahoo/v1226965231/,リサーチ結果/D型_20260428_075509/images/thumb_4ea323f49986.png,[],e64ccd3330ce6639,False,,False,https://aucfan.com/assets/image/common/noimage/snipee.png,,,,,,
5b938691-5861-43e0-be1f-1f42fd2f2c6b,D.B7.BF,candidate,998e8933-ea58-4d50-87c0-87cca02198c9,81,【しなの鉄道】D型/「KARUIZAWA T-SITE」開業記念入場券・軽井沢駅・2026.-3.17,,1000,0,1000,dH-WaPvvwyooDkv0at2BLMhFs24XUQy5,https://aucview.aucfan.com/yahoo/q1224359164/,リサーチ結果/D型_20260428_075509/images/thumb_4ea323f49986.png,[],e64ccd3330ce6639,False,,False,https://aucfan.com/assets/image/common/noimage/snipee.png,,,,,,
e83e45c2-290f-4a55-b37c-352348bbcf33,D.B7.BF,candidate,998e8933-ea58-4d50-87c0-87cca02198c9,81,国鉄FーG０Go号D型完全常備指定席東京駅旅セ発行未使用S61,,1000,0,1000,eE-CsLOu8KeVFnEXEkkt593zUUAjIulL,https://aucview.aucfan.com/yahoo/j1225042359/,リサーチ結果/D型_20260428_075509/images/thumb_4ea323f49986.png,[],e64ccd3330ce6639,False,,False,https://aucfan.com/assets/image/common/noimage/snipee.png,,,,,,
3c9f17d0-3510-4c57-bd22-064904eb340c,D.B7.BF,candidate,998e8933-ea58-4d50-87c0-87cca02198c9,81,即決レヴスピード保存版・WRX STI 2017年モデル VAB 後期 D型 徹底解説・EJ20 HKS GTIII-,,1000,0,1000,Zn-a3k7Vz96HqOuJMESyBgOfrwnVX69T,https://aucview.aucfan.com/yahoo/g1222276314/,リサーチ結果/D型_20260428_075509/images/thumb_4ea323f49986.png,[],e64ccd3330ce6639,False,,False,https://aucfan.com/assets/image/common/noimage/snipee.png,,,,,,
1e9cb22b-0238-4bbd-9a1f-0210c536b7b0,D.B7.BF,candidate,998e8933-ea58-4d50-87c0-87cca02198c9,81,TOMYTEC バスコレクション第8弾　西工SD型 阪急バス+西工C型 大阪空港交通+第15弾三菱ふ,,1000,0,1000,jQ-b1gRQpSbzn_blw3*tCsbOuOwdu4YP,https://aucview.aucfan.com/yahoo/b1227473457/,リサーチ結果/D型_20260428_075509/images/thumb_4ea323f49986.png,[],e64ccd3330ce6639,False,,False,https://aucfan.com/assets/image/common/noimage/snipee.png,,,,,,
6ab4eeb1-98cd-4016-9728-c5809ef8199b,D.B7.BF,candidate,998e8933-ea58-4d50-87c0-87cca02198c9,81,★H-D型　MR-9　電池アダプター2個　即決　送料込1000円★nn,,1000,0,1000,kD-TrZG1HQICvUIGcsVis7Ojp1ito8iS,https://aucview.aucfan.com/yahoo/t1223098714/,リサーチ結果/D型_20260428_075509/images/thumb_4ea323f49986.png,[],e64ccd3330ce6639,False,,False,https://aucfan.com/assets/image/common/noimage/snipee.png,,,,,,
37103720-b737-40b9-9532-41ee6b62786d,D.B7.BF,candidate,998e8933-ea58-4d50-87c0-87cca02198c9,81,時物 東京風防 TF-D型の下側のみ ウインドシールド HONDA ホンダ DAX ダックス シャリー,,1000,0,1000,9R-IRPItxTSgqWqoLB60K85MDg4V3aIp,https://aucview.aucfan.com/yahoo/o1224231177/,リサーチ結果/D型_20260428_075509/images/thumb_4ea323f49986.png,[],e64ccd3330ce6639,False,,False,https://aucfan.com/assets/image/common/noimage/snipee.png,,,,,,
9f97325c-373a-43d7-82df-a8bfff39ca67,D.B7.BF,candidate,998e8933-ea58-4d50-87c0-87cca02198c9,81,★H-D型　MR-9　電池アダプター2個　即決　送料込1000円★ｒｒ,,1000,0,1000,kD-TrZG1HQICvUIGcsVis7Ojp1ito8iS,https://aucview.aucfan.com/yahoo/x1224112427/,リサーチ結果/D型_20260428_075509/images/thumb_4ea323f49986.png,[],e64ccd3330ce6639,False,,False,https://aucfan.com/assets/image/common/noimage/snipee.png,,,,,,
